nodesAttributes.Node,nodesAttributes.ZeroAct,nodesAttributes.UpAct,nodesAttributes.DownAct,nodesAttributes.AvgAct,nodesAttributes.NodeType
USF1,0,100,0,100,T
FOXA2,0,0,100,-100,T
HNF4A,0,100,0,100,T
SP1,0,100,0,100,T
FOS,100,0,0,0,T
SRF,100,0,0,0,T
CREB1,0,0,100,-100,T
MEF2A,0,0,100,-100,T
TBP,0,100,0,100,T
E2F1,0,0,100,-100,T
NR1H4,0,0,100,-100,T
NFKB1,100,0,0,0,T
CEBPA,0,100,0,100,T
POU2F1,0,0,100,-100,T
GATA3,100,0,0,0,T
RFX1,0,100,0,100,T
VDR,100,0,0,0,T
MITF,0,0,100,-100,T
RUNX3,0,0,100,-100,T
SPIB,0,100,0,100,T
BCL3,0,0,100,-100,T
CEBPB,100,0,0,0,T
CTCF,0,0,100,-100,T
E2F4,0,0,100,-100,T
E2F6,0,0,100,-100,T
EBF1,0,100,0,100,T
POU2F2,100,0,0,0,T
TBX21,100,0,0,0,T
EGR1,0,100,0,100,T
ETS1,100,0,0,0,T
ETV4,100,0,0,0,T
CREM,0,100,0,100,T
FOXA1,100,0,0,0,T
GABPA,0,100,0,100,T
GATA2,0,100,0,100,T
GATA1,100,0,0,0,T
IRF1,0,100,0,100,T
IRF4,0,0,100,-100,T
JUN,100,0,0,0,T
JUND,0,100,0,100,T
MAFK,0,0,100,-100,T
MAX,100,0,0,0,T
MEF2C,0,0,100,-100,T
MYC,100,0,0,0,T
PAX5,0,100,0,100,T
POU5F1,0,100,0,100,T
RFX5,0,0,100,-100,T
SPI1,100,0,0,0,T
STAT1,100,0,0,0,T
STAT3,0,0,100,-100,T
TAL1,0,0,100,-100,T
TCF4,100,0,0,0,T
TFAP2A,100,0,0,0,T
YY1,0,0,100,-100,T
ZEB1,0,100,0,100,T
NR3C1,100,0,0,0,T
ESR1,100,0,0,0,T
RARA,0,100,0,100,T
ATF3,0,100,0,100,T
ELF1,0,100,0,100,T
REST,0,100,0,100,T
PBX3,0,100,0,100,T
ZBTB33,0,100,0,100,T
RUNX1,0,0,100,-100,T
TAF1,0,0,100,-100,T
RXRA,0,0,100,-100,T
HNF1A,0,0,100,-100,T
NR2F6,100,0,0,0,T
FOSL1,0,0,100,-100,T
SP2,0,100,0,100,T
TP53,100,0,0,0,T
NFKB2,0,0,100,-100,T
NFKBIA,100,0,0,0,T
IRF3,0,0,100,-100,T
NRF1,100,0,0,0,T
NR2C2,0,0,100,-100,T
JUNB,0,100,0,100,T
NR2F1,100,0,0,0,T
ATF2,0,100,0,100,T
E2F7,0,0,100,-100,T
ELK4,0,0,100,-100,T
NR4A1,0,0,100,-100,T
PRDM1,100,0,0,0,T
STAT2,0,0,100,-100,T
CALM1,100,0,0,0,
CALM3,100,0,0,0,
CALM2,100,0,0,0,
CAV1,100,0,0,0,
DRD2,100,0,0,0,
FKBP4,100,0,0,0,
MDFI,0,0,100,-100,S
ITPR2,0,100,0,100,S
MARCKS,100,0,0,0,
GRM1,100,0,0,0,
STIM1,100,0,0,0,
TRPC1,100,0,0,0,
TRPC3,100,0,0,0,
TRPC4,100,0,0,0,
TRPC5,100,0,0,0,
PKD2,100,0,0,0,
TRPV4,100,0,0,0,
CASR,100,0,0,0,
EPOR,100,0,0,0,
HOMER1,0,100,0,100,S
ITPR1,100,0,0,0,
ITPR3,0,100,0,100,S
ASPH,0,100,0,100,S
ORAI1,100,0,0,0,
PRKG1,100,0,0,0,
RNF24,0,0,100,-100,S
SRC,100,0,0,0,
TRPM4,100,0,0,0,
WNK4,100,0,0,0,
SLC9A3R1,100,0,0,0,
EPB41,100,0,0,0,
CABP1,0,0,100,-100,S
NCS1,0,100,0,100,S
SESTD1,0,100,0,100,S
FYN,100,0,0,0,
CHRM1,0,100,0,100,S
MX1,0,100,0,100,S
NPHS1,100,0,0,0,
NPHS2,0,100,0,100,S
SNF8,0,100,0,100,S
AKAP5,100,0,0,0,
CNR1,75,0,25,-25,S
CDK5,100,0,0,0,
FAF1,100,0,0,0,
GABARAP,100,0,0,0,
KIF13B,0,100,0,100,S
PIRT,0,100,0,100,S
PRKACA,100,0,0,0,
NTRK1,100,0,0,0,
SLC50A1,0,100,0,100,S
EGFR,100,0,0,0,
HCK,100,0,0,0,
ITCH,89,11,0,11,
LCK,100,0,0,0,
LYN,100,0,0,0,
MAP7,0,100,0,100,S
OS9,100,0,0,0,S
PACSIN3,0,100,0,100,S
YES1,100,0,0,0,
BSPRY,0,0,100,-100,S
CALB1,0,100,0,100,S
PPIB,0,100,0,100,S
KL,100,0,0,0,S
RAB11A,0,100,0,100,S
S100A10,100,0,0,0,S
TGM2,100,0,0,0,S
MCOLN3,100,0,0,0,
TRPV5,100,0,0,0,
TRPV6,100,0,0,0,
PDZD3,0,100,0,100,S
NIPSNAP1,0,0,100,-100,S
NUMB,100,0,0,0,
PTPN1,100,0,0,0,
RGS2,100,0,0,0,
NYX,0,100,0,100,S
EFHC1,0,100,0,100,S
PTPN13,100,0,0,0,S
RACK1,100,0,0,0,
PHB2,100,0,0,0,
TRPM6,100,0,0,0,
TRPM7,100,0,0,0,
HTR1B,100,0,0,0,
OPRM1,100,0,0,0,
MCOLN2,100,0,0,0,
MCOLN1,100,0,0,0,
PRKCSH,0,0,100,-100,S
KIF3A,100,0,0,0,
PKD1,100,0,0,0,
STX5,0,0,100,-100,S
PKD1L3,0,100,0,100,S
TNNI1,0,0,100,-100,S
TNNI3,100,0,0,0,
CASP3,100,0,0,0,
MAPK14,100,0,0,0,
MAPKAPK2,100,0,0,0,
TIA1,0,0,100,-100,S
HNRNPD,100,0,0,0,
HNRNPA0,100,0,0,0,
JAK2,100,0,0,0,
ESPN,0,100,0,100,S
GJB6,100,0,0,0,
GJB2,100,0,0,0,
PARN,100,0,0,0,
TIAL1,100,0,0,0,
ZIC1,100,0,0,0,S
HES5,100,0,0,0,
ATOH1,100,0,0,0,
JAG2,100,0,0,0,
DLL1,100,0,0,0,
SIX1,100,0,0,0,
MYO7A,100,0,0,0,
PCDH15,100,0,0,0,
MAPK3,100,0,0,0,
MAPK1,100,0,0,0,
TUB,0,100,0,100,S
PROX1,0,0,100,-100,S
GFI1,100,0,0,0,
KEAP1,0,0,100,-100,
IGF2BP1,0,100,0,100,S
PAX3,100,0,0,0,
DACH2,100,0,0,0,
NFAT5,100,0,0,0,
FOXI1,100,0,0,0,
FGF3,100,0,0,0,
AKT1,100,0,0,0,
CHUK,100,0,0,0,
PIK3R1,100,0,0,0,
CDC73,100,0,0,0,S
SYMPK,0,100,0,100,S
CDK1,0,0,100,-100,
CDKN1A,100,0,0,0,
ATM,100,0,0,0,
MYCN,0,100,0,100,S
MDM2,100,0,0,0,
ATR,100,0,0,0,
KLF2,100,0,0,0,S
IGF1,100,0,0,0,
CCL2,100,0,0,0,
MMP14,100,0,0,0,
ABL1,100,0,0,0,
PRKDC,100,0,0,0,
ARNTL,100,0,0,0,
CRY2,100,0,0,0,
CRY1,100,0,0,0,
NPAS2,0,100,0,100,S
ATAD2,0,100,0,100,S
USP28,100,0,0,0,
PRKN,100,0,0,0,
PCNA,100,0,0,0,
USP7,100,0,0,0,
RELA,100,0,0,0,
RBL2,0,0,100,-100,
MDC1,100,0,0,0,
RNF8,100,0,0,0,
DCLRE1C,100,0,0,0,
BACE2,0,100,0,100,S
BACE1,100,0,0,0,
XRCC4,100,0,0,0,
TP53BP1,100,0,0,0,
ADAM10,100,0,0,0,
PREX2,100,0,0,0,S
PINK1,100,0,0,0,
PTPRD,0,0,100,-100,S
XRCC1,100,0,0,0,
PEBP1,100,0,0,0,
CDK2,100,0,0,0,
HBP1,100,0,0,0,
RPL11,100,0,0,0,S
TRRAP,100,0,0,0,
FBXW7,100,0,0,0,
PAK1,100,0,0,0,
SMG1,100,0,0,0,
MAP2K4,100,0,0,0,
ULK1,100,0,0,0,
MTOR,100,0,0,0,
SH3GLB1,100,0,0,0,
ATG13,100,0,0,0,
BECN1,100,0,0,0,
TIAM1,100,0,0,0,
HRAS,100,0,0,0,
ATG10,100,0,0,0,
DAPK1,100,0,0,0,
UVRAG,100,0,0,0,
ULK2,100,0,0,0,
AKT1S1,100,0,0,0,
MCL1,100,0,0,0,
ATG7,100,0,0,0,
MAPKAPK5,100,0,0,0,
ATG5,100,0,0,0,
BNIP3,100,0,0,0,
SPNS1,0,0,100,-100,S
ATG4B,100,0,0,0,S
CAPN1,67,33,0,33,
CAPN2,100,0,0,0,
CASP2,100,0,0,0,
CASP6,100,0,0,0,
CASP10,100,0,0,0,
TOPBP1,100,0,0,0,
SGK1,100,0,0,0,
POU4F3,100,0,0,0,
MYO15A,100,0,0,0,
SOX2,100,0,0,0,
ADGRV1,100,0,0,0,S
ID3,100,0,0,0,
ID2,100,0,0,0,
NOTCH1,100,0,0,0,
ID1,100,0,0,0,
KCNE1,0,100,0,100,S
WNT1,100,0,0,0,
TIRAP,100,0,0,0,
PDPK1,100,0,0,0,
PDK1,100,0,0,0,
JAG1,100,0,0,0,
E2F2,100,0,0,0,
RALB,0,100,0,100,S
RALGDS,100,0,0,0,
RALBP1,100,0,0,0,
KIT,100,0,0,0,
EYA1,100,0,0,0,
KCNQ4,100,0,0,0,
PRKACG,100,0,0,0,S
IKBKE,0,0,100,-100,
ERBB2,100,0,0,0,
AKT2,5,49,46,3,
RAD18,100,0,0,0,
PRKCG,100,0,0,0,
SFRP1,100,0,0,0,
SFRP2,100,0,0,0,
MAB21L1,100,0,0,0,
PAX6,100,0,0,0,
PKNOX1,0,100,0,100,S
BIRC2,100,0,0,0,
BAX,100,0,0,0,
BBC3,100,0,0,0,
BIRC6,100,0,0,0,
PMAIP1,100,0,0,0,
CDH1,100,0,0,0,
BAK1,100,0,0,0,
RHEB,100,0,0,0,
TSC2,100,0,0,0,
TSC1,100,0,0,0,
RHOA,38,0,62,-62,
ATG12,100,0,0,0,
ATG3,100,0,0,0,
CAMKK2,100,0,0,0,
FOXO1,100,0,0,0,
BCL2L2,100,0,0,0,
DYNLL1,100,0,0,0,
CFLAR,100,0,0,0,
CASP7,100,0,0,0,
CASP8,100,0,0,0,
PPP1CA,100,0,0,0,
BCL2L11,100,0,0,0,
BCL2L1,100,0,0,0,
DAPK3,100,0,0,0,
CDKN2A,100,0,0,0,
SMAD2,100,0,0,0,
UNC5B,100,0,0,0,
ATG101,0,100,0,100,S
PRKCI,100,0,0,0,
MAPK8,100,0,0,0,
MIB1,100,0,0,0,S
HRK,0,0,100,-100,S
FKBP8,100,0,0,0,
PRKCZ,100,0,0,0,
PIDD1,100,0,0,0,
RPS6KA3,100,0,0,0,
FAS,100,0,0,0,
RPS6KA1,100,0,0,0,
CASP8AP2,100,0,0,0,
MAP2K1,100,0,0,0,
DAPK2,100,0,0,0,
PTPRF,100,0,0,0,
HSP90AA1,100,0,0,0,
NEO1,100,0,0,0,
RRAS,100,0,0,0,
RAF1,100,0,0,0,
GSN,100,0,0,0,
CTNNB1,100,0,0,0,
ROCK1,100,0,0,0,
PPP1R14A,100,0,0,0,
TLN1,100,0,0,0,
SMAD4,100,0,0,0,
SMAD3,100,0,0,0,
ELAVL1,100,0,0,0,
CHEK2,100,0,0,0,
E2F3,100,0,0,0,
CHEK1,100,0,0,0,
WNT5A,100,0,0,0,
PUF60,100,0,0,0,
FUBP1,100,0,0,0,
UBE2T,0,100,0,100,S
NFE2L2,100,0,0,0,
KDM2B,0,100,0,100,S
MAP3K8,100,0,0,0,
IKBKB,100,0,0,0,
EIF4EBP2,100,0,0,0,
EIF4EBP1,100,0,0,0,
EIF4EBP3,100,0,0,0,
BCL10,100,0,0,0,
MAP3K14,100,0,0,0,
TNIP1,100,0,0,0,
CCNA2,100,0,0,0,
IL22,100,0,0,0,S
EPO,100,0,0,0,
KSR2,0,0,100,-100,S
HIPK2,100,0,0,0,
CASP1,100,0,0,0,
CXCL16,0,100,0,100,S
GTF2I,100,0,0,0,
KLKB1,0,100,0,100,S
CCL3L1,0,100,0,100,S
ASF1A,100,0,0,0,
TNFSF10,100,0,0,0,
MAP3K7,100,0,0,0,
STK11,100,0,0,0,
ASF1B,0,100,0,100,S
TNFRSF10A,100,0,0,0,
KAT8,100,0,0,0,
PARP1,100,0,0,0,
TNFRSF10B,100,0,0,0,
NMI,100,0,0,0,S
KRT18,100,0,0,0,
IL10,100,0,0,0,
NLRP1,100,0,0,0,
CARD18,0,0,100,-100,S
ISG15,0,100,0,100,S
CARD16,0,0,100,-100,S
JAK1,100,0,0,0,
INSR,100,0,0,0,
TRAF2,100,0,0,0,
IFIH1,75,25,0,25,
TP73,100,0,0,0,
NOD2,100,0,0,0,
ANO9,0,100,0,100,S
EIF2AK2,100,0,0,0,
TICAM1,100,0,0,0,
IFNG,0,100,0,100,S
IRF7,100,0,0,0,
MAP1B,100,0,0,0,
ZDHHC9,0,100,0,100,S
KLF6,100,0,0,0,S
IGF2,100,0,0,0,
FLT3LG,0,100,0,100,S
KITLG,0,100,0,100,S
TLR4,100,0,0,0,
KAT2B,100,0,0,0,
TICAM2,100,0,0,0,
TRAF6,100,0,0,0,
TLR3,100,0,0,0,
MYD88,100,0,0,0,
ATG14,100,0,0,0,
SIRT2,100,0,0,0,
RUBCN,100,0,0,0,
CARD8,100,0,0,0,
SERPINB9,0,0,100,-100,S
EIF4G2,100,0,0,0,
RPS6KB1,100,0,0,0,
GAPDH,50,0,50,-50,
USP3,100,0,0,0,S
CAMKK1,100,0,0,0,
SFPQ,100,0,0,0,
NONO,100,0,0,0,
APLF,0,100,0,100,S
NOS1,100,0,0,0,
GSK3B,100,0,0,0,
PPP1R3A,0,100,0,100,S
CSNK1A1,100,0,0,0,
USP1,0,0,100,-100,S
BCL2,100,0,0,0,
PLK1,100,0,0,0,
PPARG,100,0,0,0,
TLX1,16,0,84,-84,S
YWHAQ,100,0,0,0,
DDX17,100,0,0,0,
PLK3,100,0,0,0,S
AXIN1,100,0,0,0,
RPS6KA5,100,0,0,0,
CREBBP,0,0,100,-100,
KAT7,100,0,0,0,
GTF3C4,0,100,0,100,S
NCOA1,100,0,0,0,
NCOA3,100,0,0,0,
DYRK2,100,0,0,0,
TBK1,100,0,0,0,
MAVS,70,30,0,30,
NCOA2,100,0,0,0,
TLR5,100,0,0,0,
RIPK2,100,0,0,0,
KDM3A,0,100,0,100,S
CLOCK,100,0,0,0,
KDM4B,0,0,100,-100,S
KDM4A,100,0,0,0,S
HIF1A,100,0,0,0,
CSNK2B,100,0,0,0,
APIP,0,0,100,-100,S
ESCO1,100,0,0,0,
TNFAIP3,89,0,11,-11,
XPC,100,0,0,0,
ABL2,100,0,0,0,
CAPNS1,0,100,0,100,S
XRCC5,0,100,0,100,S
PIK3R4,100,0,0,0,
KMT2D,100,0,0,0,
KMT2B,0,100,0,100,S
CARM1,0,100,0,100,S
BID,100,0,0,0,
DIABLO,100,0,0,0,
PRMT6,0,0,100,-100,S
WEE1,100,0,0,0,
KMT5B,100,0,0,0,S
KMT2A,100,0,0,0,
PPM1A,100,0,0,0,
MBD1,100,0,0,0,
SMARCA4,0,100,0,100,
SOCS3,100,0,0,0,
MAP2K2,100,0,0,0,
CASP5,100,0,0,0,
PPM1D,100,0,0,0,
SMYD2,100,0,0,0,
SETD1A,0,100,0,100,S
CXCL9,0,100,0,100,S
SETD2,100,0,0,0,
CCL5,100,0,0,0,
CCL8,0,100,0,100,S
CCL4,0,100,0,100,S
IL6,100,0,0,0,
SETDB2,100,0,0,0,S
KMT2E,0,100,0,100,S
RIOX1,0,0,100,-100,S
GSK3A,100,0,0,0,
CTBP1,100,0,0,0,
SETD7,0,100,0,100,S
PRDM2,0,0,100,-100,S
DOT1L,0,100,0,100,S
KMT5A,100,0,0,0,
ATG16L1,100,0,0,0,
FADD,100,0,0,0,
ATG4D,100,0,0,0,
HTRA2,100,0,0,0,
BNIP3L,100,0,0,0,
ATG4A,0,100,0,100,S
BIRC3,100,0,0,0,
H2AFX,100,0,0,0,
BIRC5,100,0,0,0,
TAB1,45,0,55,-55,
WDFY3,0,100,0,100,S
TAB2,55,0,45,-45,
MAP3K5,100,0,0,0,
EGF,100,0,0,0,
VMP1,0,100,0,100,S
IL1A,100,0,0,0,
RAB7A,0,100,0,100,S
FYCO1,100,0,0,0,
DAP3,100,0,0,0,
SUPT20H,0,100,0,100,S
RAB33B,0,100,0,100,S
CISD2,0,100,0,100,S
BAD,100,0,0,0,
BCL6,100,0,0,0,
CRADD,100,0,0,0,
TRADD,100,0,0,0,
HMGB1,100,0,0,0,
FBXO5,100,0,0,0,
PIN1,100,0,0,0,
BTRC,100,0,0,0,
ZBTB17,100,0,0,0,
UBE2M,0,100,0,100,S
EGLN1,100,0,0,0,
EGLN3,100,0,0,0,
EGLN2,100,0,0,0,
VHL,100,0,0,0,
MYB,100,0,0,0,
BRCA1,100,0,0,0,
PALB2,100,0,0,0,
EP300,0,0,100,-100,
PAXIP1,100,0,0,0,
NLK,100,0,0,0,
PER1,100,0,0,0,
TIMELESS,100,0,0,0,
SSBP1,0,100,0,100,S
SIRT1,100,0,0,0,
RORA,100,0,0,0,
RORB,0,100,0,100,S
RORC,100,0,0,0,S
NR1D1,100,0,0,0,
PER2,50,50,0,50,
NR1D2,0,0,100,-100,S
PER3,0,0,100,-100,S
CAND1,0,0,100,-100,S
GLRX,50,0,50,-50,S
NR5A1,100,0,0,0,
DKK1,100,0,0,0,
SIRT6,100,0,0,0,S
COPS5,100,0,0,0,
NKRF,0,0,100,-100,S
TWIST1,100,0,0,0,
FRAT1,100,0,0,0,
FRAT2,0,0,100,-100,S
CSNK2A1,100,0,0,0,
KAT5,100,0,0,0,
PML,100,0,0,0,
PPP5C,100,0,0,0,
MIR22HG,0,0,100,-100,S
MTNR1A,100,0,0,0,
CDK11A,100,0,0,0,S
CDK11B,100,0,0,0,
DDB2,100,0,0,0,
SMARCB1,0,100,0,100,S
RB1,100,0,0,0,
HDAC3,50,50,0,50,
TRIM28,100,0,0,0,
NSMCE2,0,100,0,100,S
AURKA,100,0,0,0,
HDAC6,100,0,0,0,
TRIM8,100,0,0,0,
RECQL5,0,0,100,-100,S
MARCH5,0,100,0,100,S
ZBTB4,0,0,100,-100,S
DDX5,100,0,0,0,
DTX3L,0,100,0,100,S
NFKBIZ,0,0,100,-100,S
ATF1,100,0,0,0,
KDM5D,0,0,100,-100,S
KDM5B,100,0,0,0,
KDM5C,0,0,100,-100,S
ASH1L,0,100,0,100,S
KDM5A,0,0,100,-100,S
TNFSF14,0,100,0,100,S
CD40LG,0,100,0,100,S
TNFSF13B,0,100,0,100,S
LTA,0,100,0,100,S
LTB,0,100,0,100,S
LTBR,100,0,0,0,
FOXO3,100,0,0,0,
NRG1,0,100,0,100,S
CD40,100,0,0,0,
ERBB3,100,0,0,0,
SKP2,100,0,0,0,
NR1I2,100,0,0,0,
NOLC1,100,0,0,0,
PRMT5,100,0,0,0,
APC2,100,0,0,0,S
HDAC2,0,100,0,100,
MST1,100,0,0,0,
SIAH1,100,0,0,0,
USP22,0,100,0,100,S
HSPB1,100,0,0,0,
PRKD1,100,0,0,0,
DFFA,100,0,0,0,
RCOR1,0,100,0,100,
NKIRAS1,0,100,0,100,S
PTEN,100,0,0,0,
BACH1,100,0,0,0,
NKIRAS2,0,100,0,100,S
DDIT3,100,0,0,0,
NGF,100,0,0,0,
CASP9,100,0,0,0,
ACAA2,0,0,100,-100,S
BMI1,100,0,0,0,
ING1,0,100,0,100,S
STAT6,100,0,0,0,
IL4R,100,0,0,0,
RPS6KA4,100,0,0,0,
IL4,100,0,0,0,
USP17L2,0,100,0,100,S
NEK11,100,0,0,0,
IL3RA,100,0,0,0,
PIAS4,100,0,0,0,
BTK,100,0,0,0,
KMT5C,0,100,0,100,S
SIRT7,100,0,0,0,S
EIF2AK4,100,0,0,0,
DDX58,76,24,0,24,
EIF2AK1,0,0,100,-100,S
HSPA5,100,0,0,0,
EIF2AK3,100,0,0,0,
MAP2K6,100,0,0,0,
CDK5RAP3,0,0,100,-100,S
TIMD4,0,100,0,100,S
PRLR,100,0,0,0,
LEPR,100,0,0,0,
IL5RA,100,0,0,0,
CRTC2,100,0,0,0,
BAG2,100,0,0,0,
CSNK1E,100,0,0,0,
CSNK1D,99,1,0,1,S
EHMT2,100,0,0,0,S
EHMT1,100,0,0,0,
SETDB1,100,0,0,0,
KAT6A,0,100,0,100,S
JARID2,0,100,0,100,S
KDM6A,0,100,0,100,S
KDM6B,0,100,0,100,S
TRDMT1,0,0,100,-100,S
KDM1A,100,0,0,0,
UHRF1,100,0,0,0,
HDAC1,50,50,0,50,
KAT2A,100,0,0,0,
MEN1,100,0,0,0,S
PHF8,0,100,0,100,S
SETD1B,0,100,0,100,S
GZMA,0,100,0,100,S
SET,100,0,0,0,
GZMB,100,0,0,0,
DZIP3,0,0,100,-100,S
PAF1,0,100,0,100,S
USP16,100,0,0,0,
PHF1,0,100,0,100,S
HELLS,100,0,0,0,S
TGFA,100,0,0,0,
PRKCA,100,0,0,0,
HOXA10,100,0,0,0,
AR,100,0,0,0,
MAPK11,0,100,0,100,
PPARA,100,0,0,0,
SLC2A4RG,0,100,0,100,S
INSIG1,100,0,0,0,
DUSP22,0,0,100,-100,S
TXN,100,0,0,0,
APEX1,0,0,100,-100,
PRMT1,100,0,0,0,
BLM,100,0,0,0,
FAAP24,0,100,0,100,S
WAPL,0,0,100,-100,S
MCPH1,100,0,0,0,
GRB2,100,0,0,0,
FANCC,100,0,0,0,
HMGN1,100,0,0,0,
FANCL,100,0,0,0,
NAP1L1,100,0,0,0,S
ADRM1,0,100,0,100,S
MAT1A,0,0,100,-100,S
MTA1,100,0,0,0,
NEDD8,100,0,0,0,S
ACTL6A,0,100,0,100,S
CEP85,0,100,0,100,S
CDC7,100,0,0,0,
UBE2I,100,0,0,0,
SENP1,100,0,0,0,S
HDAC10,0,0,100,-100,S
SUMO1,0,0,100,-100,
SUMO3,0,0,100,-100,S
ZNF350,0,100,0,100,S
EP400,100,0,0,0,S
RNF2,100,0,0,0,
CHD8,0,0,100,-100,S
FBXO31,100,0,0,0,
ATRIP,100,0,0,0,
NCOR2,100,0,0,0,
NCOR1,100,0,0,0,
PGR,100,0,0,0,
NR1I3,100,0,0,0,
SOX4,100,0,0,0,
SOX17,0,0,100,-100,S
FOXG1,100,0,0,0,
PRKCQ,100,0,0,0,
HINFP,100,0,0,0,
RECQL4,100,0,0,0,
WRN,100,0,0,0,
YBX1,100,0,0,0,
NPAT,100,0,0,0,
TIPIN,100,0,0,0,
MLH1,100,0,0,0,
PMS2,100,0,0,0,
MSH2,100,0,0,0,
APC,100,0,0,0,
LIMK1,100,0,0,0,
CDC42BPA,100,0,0,0,
CFL1,100,0,0,0,
CFL2,100,0,0,0,
LIMK2,100,0,0,0,
NEK2,100,0,0,0,
HSPA1A,100,0,0,0,
MED14,0,100,0,100,S
KPNA2,100,0,0,0,
CDC14B,100,0,0,0,S
IRAK1,100,0,0,0,
TLR2,100,0,0,0,
HNRNPK,100,0,0,0,
ERCC6,100,0,0,0,
BIRC7,0,0,100,-100,S
TLR10,100,0,0,0,
TLR8,100,0,0,0,
TDG,100,0,0,0,
MPG,100,0,0,0,S
HSF1,0,100,0,100,
DLC1,100,0,0,0,
HIF1AN,0,0,100,-100,S
SUMO2,0,0,100,-100,S
FOXM1,100,0,0,0,
NF1,0,0,100,-100,S
RNF135,0,100,0,100,S
HMGN2,100,0,0,0,
TOP1,100,0,0,0,
TELO2,100,0,0,0,
GADD45A,100,0,0,0,
ZNF420,100,0,0,0,
CLSPN,100,0,0,0,
MAD2L1,100,0,0,0,
BUB1B,100,0,0,0,
TLR9,100,0,0,0,
TLR7,100,0,0,0,
MCM10,100,0,0,0,S
FBXW8,0,0,100,-100,S
KDM7A,0,100,0,100,S
BUB1,100,0,0,0,
KIF4A,0,100,0,100,S
KDM1B,0,0,100,-100,S
TTK,100,0,0,0,
ESPL1,100,0,0,0,
MAPK7,100,0,0,0,
USP9X,100,0,0,0,S
IRAK4,100,0,0,0,
GMNN,100,0,0,0,
MAP3K3,100,0,0,0,
ING2,0,100,0,100,S
MDM4,100,0,0,0,
CCNH,100,0,0,0,
CKS2,100,0,0,0,
GFI1B,0,0,100,-100,S
AURKB,100,0,0,0,
BTF3,100,0,0,0,S
NEDD4,100,0,0,0,
ERCC8,0,100,0,100,S
XPA,100,0,0,0,
SHPRH,100,0,0,0,S
DTL,100,0,0,0,
ECT2,97,0,3,-3,
RACGAP1,100,0,0,0,
DIAPH3,100,0,0,0,
CDC42,100,0,0,0,
CXCL10,100,0,0,0,
WSB1,0,0,100,-100,S
SIAH2,100,0,0,0,
YAP1,100,0,0,0,
SUV39H2,0,0,100,-100,S
RAD17,100,0,0,0,
CDC20,100,0,0,0,
EZH2,100,0,0,0,
TP53AIP1,100,0,0,0,
SUV39H1,100,0,0,0,
INCENP,100,0,0,0,
PTPN2,100,0,0,0,
PTPN11,100,0,0,0,
NANOS1,0,100,0,100,S
PRKCD,100,0,0,0,
DUSP1,100,0,0,0,
RPS19BP1,0,100,0,100,S
NOL3,100,0,0,0,S
CTNNBIP1,0,0,100,-100,S
PTTG1,100,0,0,0,
MYBL2,100,0,0,0,
SPHK2,100,0,0,0,
RNF168,100,0,0,0,
HDAC4,100,0,0,0,
AKAP8,0,100,0,100,S
CDKN2D,100,0,0,0,
PSMC3,100,0,0,0,
CDKN2C,100,0,0,0,
MYSM1,100,0,0,0,S
PSME3,100,0,0,0,S
PADI4,100,0,0,0,
LMO4,0,0,100,-100,S
SENP3,0,100,0,100,S
CTSL,0,100,0,100,S
CTSH,0,100,0,100,S
CTSK,0,100,0,100,S
CTSS,0,100,0,100,S
MAF,100,0,0,0,
PPP1R1B,100,0,0,0,
ZFHX3,100,0,0,0,S
NEUROD1,100,0,0,0,
ZBTB16,100,0,0,0,
HUWE1,100,0,0,0,
NPM1,100,0,0,0,
PPA1,100,0,0,0,S
BAZ1B,100,0,0,0,
DCLRE1B,100,0,0,0,
CTSB,0,100,0,100,S
PAK2,100,0,0,0,
CYCS,100,0,0,0,
AKT3,4,51,45,6,
GNA11,100,0,0,0,
GNAI1,100,0,0,0,
GNRHR,100,0,0,0,
STK38,100,0,0,0,
PRKCE,100,0,0,0,
ERBB4,100,0,0,0,
GNRH1,100,0,0,0,S
CHFR,0,0,100,-100,S
STK4,100,0,0,0,
PPP1CB,100,0,0,0,S
NFYA,100,0,0,0,
SP3,100,0,0,0,
AES,100,0,0,0,S
MMP2,100,0,0,0,
DENND4A,0,0,100,-100,S
MAF1,100,0,0,0,
PKMYT1,100,0,0,0,
BRCC3,0,0,100,-100,S
RING1,100,0,0,0,S
STAT5A,100,0,0,0,
TRIM25,0,100,0,100,S
TGFBR2,100,0,0,0,
TGFBR1,100,0,0,0,
HSPB2,100,0,0,0,
LATS1,100,0,0,0,
STK3,100,0,0,0,
RASSF1,100,0,0,0,
DNAJB1,100,0,0,0,
HSBP1,0,0,100,-100,S
HSPD1,100,0,0,0,
MAPKAPK3,100,0,0,0,
ARAF,100,0,0,0,
BRAF,100,0,0,0,
HSPB6,100,0,0,0,
FLI1,100,0,0,0,
UBE2N,100,0,0,0,
POLH,100,0,0,0,
HERC2,100,0,0,0,
REV1,100,0,0,0,
RAD9A,100,0,0,0,
RAD54L,0,100,0,100,S
MAD2L2,100,0,0,0,
PKN2,100,0,0,0,
JAK3,100,0,0,0,
PIAS1,100,0,0,0,
RANBP2,100,0,0,0,
MIR17HG,100,0,0,0,
OTUB1,0,0,100,-100,S
CSF3,100,0,0,0,
CSF2,100,0,0,0,
EEF1E1,0,100,0,100,S
TIPRL,0,0,100,-100,S
NCL,100,0,0,0,S
HGF,100,0,0,0,
MET,100,0,0,0,
HIST2H3A,0,100,0,100,S
HIST3H3,100,0,0,0,
CDCA3,100,0,0,0,
RAD52,100,0,0,0,
DYNLL2,0,0,100,-100,S
BTG2,100,0,0,0,
TGFB1,100,0,0,0,
PSIP1,100,0,0,0,
TNF,100,0,0,0,
BMF,100,0,0,0,
RPA1,100,0,0,0,
BAG4,0,0,100,-100,S
TNFRSF1B,100,0,0,0,
RNF40,100,0,0,0,
RNF20,100,0,0,0,
MARK1,100,0,0,0,
ERCC5,100,0,0,0,
INS,100,0,0,0,
TNFSF9,0,100,0,100,S
BAG1,100,0,0,0,S
DUSP5,100,0,0,0,
MEIS2,0,100,0,100,S
MAP3K4,100,0,0,0,
GADD45B,100,0,0,0,S
XRCC6,100,0,0,0,
CDC25A,100,0,0,0,
XIAP,45,0,55,-55,
HUS1,0,100,0,100,S
MARK2,100,0,0,0,
SEM1,0,100,0,100,S
SIRT3,0,100,0,100,S
NAB2,0,0,100,-100,S
NAB1,0,0,100,-100,S
HIST1H4C,100,0,0,0,
CD70,0,100,0,100,S
FASLG,100,0,0,0,
TNFRSF1A,100,0,0,0,
BLVRA,0,100,0,100,S
SHH,100,0,0,0,
GNL3,0,0,100,-100,S
PIM1,100,0,0,0,
PTCH1,100,0,0,0,
RBBP8,100,0,0,0,
BABAM1,0,100,0,100,S
MAP2K3,100,0,0,0,
SUFU,100,0,0,0,
DUSP6,100,0,0,0,
BARD1,100,0,0,0,
UBE2D3,100,0,0,0,S
TCL1A,100,0,0,0,
ERN1,100,0,0,0,
FUS,100,0,0,0,
MAP3K1,100,0,0,0,
TRAF3,11,0,89,-89,
EIF2A,100,0,0,0,
ATF4,100,0,0,0,
TYK2,100,0,0,0,
PIAS3,100,0,0,0,S
IL24,0,100,0,100,S
MAPK9,0,0,100,-100,
CDKN1B,100,0,0,0,
CCND3,100,0,0,0,
RAC1,100,0,0,0,
MAP2K7,100,0,0,0,
PRKRA,0,100,0,100,S
CKS1B,100,0,0,0,
CCND2,100,0,0,0,
XAF1,0,0,100,-100,S
RCHY1,100,0,0,0,
CCND1,100,0,0,0,
TP53BP2,100,0,0,0,S
PPP1R13L,0,0,100,-100,S
PPP1R13B,0,100,0,100,S
WRAP53,0,100,0,100,S
PDK2,100,0,0,0,S
CASP12,100,0,0,0,S
FANCD2,100,0,0,0,
HTATIP2,0,100,0,100,S
APAF1,100,0,0,0,
FMR1,0,100,0,100,S
CIB1,0,100,0,100,S
RILPL2,0,100,0,100,S
PAK1IP1,0,0,100,-100,S
RAC3,0,100,0,100,S
RHOQ,0,100,0,100,S
CHP1,0,100,0,100,S
RAC2,100,0,0,0,
RHOU,100,0,0,0,
NCK1,100,0,0,0,
PPM1E,0,0,100,-100,S
PPM1F,0,0,100,-100,S
F2R,100,0,0,0,
ABRAXAS1,100,0,0,0,
RET,100,0,0,0,
UBR2,0,100,0,100,S
GABARAPL1,100,0,0,0,
OTUD5,0,0,100,-100,S
CARD11,100,0,0,0,
RRM2B,100,0,0,0,
CBLC,100,0,0,0,
MAPK13,100,0,0,0,
GCKR,0,0,100,-100,S
CXCL11,100,0,0,0,
RSF1,100,0,0,0,S
CD28,100,0,0,0,
CD80,100,0,0,0,
CD86,0,100,0,100,S
FEN1,100,0,0,0,
SH2B2,100,0,0,0,
UBR1,0,100,0,100,S
MAML1,100,0,0,0,
BRIP1,100,0,0,0,
GABARAPL2,100,0,0,0,
DVL1,100,0,0,0,
FKBP1A,99,1,0,1,S
SMARCAD1,0,100,0,100,S
CCNA1,100,0,0,0,
BRCA2,100,0,0,0,
SH3BP5,100,0,0,0,
ROR2,100,0,0,0,
MAP1LC3A,100,0,0,0,
IL1B,100,0,0,0,
RBPJ,100,0,0,0,
NBR1,100,0,0,0,
PSEN1,100,0,0,0,
RASSF5,100,0,0,0,
IL15RA,100,0,0,0,
RIPK1,100,0,0,0,
TNFRSF13C,90,10,0,10,
IL21R,100,0,0,0,
IFNGR1,100,0,0,0,
RARB,100,0,0,0,
TNFRSF11A,100,0,0,0,
IFNA13,0,100,0,100,S
NDP,100,0,0,0,
CRLF2,100,0,0,0,
SMAD7,55,0,45,-45,
DUSP10,100,0,0,0,S
VAV1,100,0,0,0,
ARRB1,100,0,0,0,
PDGFRB,100,0,0,0,
GNAI2,100,0,0,0,
PF4,100,0,0,0,S
POPDC3,0,0,100,-100,S
MAPKAP1,100,0,0,0,
SHC1,100,0,0,0,
CSF2RA,100,0,0,0,
IL9R,100,0,0,0,
CCL19,0,100,0,100,S
YWHAZ,100,0,0,0,
IL12RB2,100,0,0,0,
IGF1R,100,0,0,0,
SUGT1,0,100,0,100,S
MAP3K20,100,0,0,0,
PTPN6,100,0,0,0,
FGF2,100,0,0,0,
BMPR1B,100,0,0,0,
NLRC4,100,0,0,0,
TRIM33,0,100,0,100,S
GLI3,100,0,0,0,
DISP2,0,100,0,100,S
TRAF1,100,0,0,0,
SMAD1,100,0,0,0,
DAB2,100,0,0,0,
SOS1,100,0,0,0,
RXRB,100,0,0,0,
IL20RA,100,0,0,0,
DHX58,0,0,100,-100,S
NUMBL,100,0,0,0,S
SPRY1,100,0,0,0,
CISH,100,0,0,0,S
SMAD6,100,0,0,0,
WNT7A,100,0,0,0,
MAP4K1,100,0,0,0,
LTK,100,0,0,0,
PARD6B,0,100,0,100,S
CBL,100,0,0,0,
IL23R,100,0,0,0,
PTK2B,100,0,0,0,
WNT3A,100,0,0,0,
IL13RA1,100,0,0,0,
KRAS,100,0,0,0,
LAT,100,0,0,0,
NRAS,100,0,0,0,
PLCB2,100,0,0,0,
FZD3,100,0,0,0,
SKP1,100,0,0,0,
SYK,100,0,0,0,
THRA,100,0,0,0,
NR2F2,100,0,0,0,
CNTN1,0,100,0,100,S
SPRY2,100,0,0,0,
ARRB2,100,0,0,0,
NTRK2,100,0,0,0,
IL2RB,100,0,0,0,
GLI2,100,0,0,0,
CXCR4,100,0,0,0,
TMEM173,0,100,0,100,S
SMURF1,100,0,0,0,
CTF1,0,100,0,100,S
ESR2,100,0,0,0,
IL21,0,100,0,100,S
DLL4,100,0,0,0,
MAPK8IP2,100,0,0,0,
IFNB1,100,0,0,0,
NR0B2,100,0,0,0,
LFNG,100,0,0,0,
TGFB3,100,0,0,0,
IRS1,100,0,0,0,
SOCS1,100,0,0,0,
YWHAB,100,0,0,0,
IKBKG,100,0,0,0,
ARHGAP32,100,0,0,0,
PTN,0,100,0,100,S
RASA1,100,0,0,0,
LCP2,100,0,0,0,
TGFB1I1,100,0,0,0,
NR1H2,100,0,0,0,
RRAGC,100,0,0,0,
BCL9,0,100,0,100,S
RLIM,100,0,0,0,
IL3,100,0,0,0,
MAPK10,100,0,0,0,
FRZB,100,0,0,0,
PIK3CB,100,0,0,0,
EIF4E,100,0,0,0,
TJP2,0,0,100,-100,S
PTPA,0,0,100,-100,S
FGF8,100,0,0,0,
USP4,100,0,0,0,
SMAD9,100,0,0,0,
XCL1,0,100,0,100,S
IL22RA1,100,0,0,0,
IL5,100,0,0,0,
PELI2,100,0,0,0,
MAP3K11,100,0,0,0,
PYCARD,100,0,0,0,
PARD6A,100,0,0,0,
TNIP2,100,0,0,0,
GNG4,0,100,0,100,S
RRAGB,0,0,100,-100,S
PRKAA1,100,0,0,0,
CD14,100,0,0,0,
LEP,0,100,0,100,S
TGFB2,100,0,0,0,
LRIG1,100,0,0,0,
IL6ST,100,0,0,0,
DHH,100,0,0,0,S
NUP153,100,0,0,0,S
IL19,0,100,0,100,S
TAOK2,0,100,0,100,S
BMPR2,100,0,0,0,
IL1RN,100,0,0,0,S
MPL,100,0,0,0,
IL20,0,100,0,100,S
SQSTM1,100,0,0,0,
WNT8A,100,0,0,0,
PPP4C,100,0,0,0,
AXL,100,0,0,0,
CCL13,0,100,0,100,S
FZD7,100,0,0,0,
SAV1,100,0,0,0,
PARD3,100,0,0,0,
IFNAR2,100,0,0,0,
TANK,0,100,0,100,S
CSF3R,100,0,0,0,
EPHB1,100,0,0,0,
RAP1A,100,0,0,0,
FGF6,0,100,0,100,S
RUNX2,100,0,0,0,
YWHAG,100,0,0,0,
NOG,0,0,100,-100,S
RB1CC1,100,0,0,0,
EFNA5,0,100,0,100,S
DVL3,100,0,0,0,
FBXW11,100,0,0,0,S
SKI,92,8,0,8,
PEA15,100,0,0,0,
RNF125,0,0,100,-100,S
CSF2RB,100,0,0,0,
SHOC2,0,100,0,100,S
BCAR1,100,0,0,0,
IL1R1,100,0,0,0,
MAPK8IP1,100,0,0,0,
LPAR2,100,0,0,0,
STK39,100,0,0,0,
IRS2,100,0,0,0,
ZFYVE9,100,0,0,0,
MKNK1,100,0,0,0,
ALK,100,0,0,0,
GRAP,100,0,0,0,
GLI1,100,0,0,0,
CDK8,100,0,0,0,
LAMTOR3,0,100,0,100,S
KSR1,100,0,0,0,
MAML2,100,0,0,0,
NOTCH3,100,0,0,0,
JDP2,100,0,0,0,
NOTCH2,100,0,0,0,
PHLPP2,100,0,0,0,S
GRB10,100,0,0,0,
RARG,100,0,0,0,
CCL26,0,100,0,100,S
NAA10,0,100,0,100,S
LRP6,100,0,0,0,
PTPRC,100,0,0,0,
GAB1,100,0,0,0,
ITK,100,0,0,0,
EPHA4,100,0,0,0,
GNB5,0,100,0,100,S
IFNAR1,100,0,0,0,
CBLB,100,0,0,0,
MAP2K5,100,0,0,0,
SNW1,100,0,0,0,
WNT10B,0,100,0,100,S
DOCK2,0,100,0,100,S
FGF9,0,100,0,100,S
MEFV,100,0,0,0,
TBC1D7,0,100,0,100,S
NFKBIB,100,0,0,0,
BMP2,100,0,0,0,
DUSP4,100,0,0,0,
PPP4R3A,0,100,0,100,S
DUSP16,100,0,0,0,
FGF7,0,100,0,100,S
MST1R,100,0,0,0,
WNT11,100,0,0,0,
ZRANB2,100,0,0,0,
FGR,100,0,0,0,
IL7R,100,0,0,0,
WWP1,100,0,0,0,
UCHL5,100,0,0,0,
IL20RB,100,0,0,0,
NRG2,0,100,0,100,S
DISP1,0,100,0,100,S
MERTK,100,0,0,0,
ACVRL1,100,0,0,0,
IL2RG,100,0,0,0,
HBEGF,100,0,0,0,
RNF11,100,0,0,0,
SMURF2,100,0,0,0,
CSK,100,0,0,0,
MDK,0,100,0,100,S
PTK6,100,0,0,0,
IL2,0,100,0,100,S
IFNGR2,100,0,0,0,
KREMEN2,100,0,0,0,
GDF6,0,100,0,100,S
PDGFA,100,0,0,0,
DIXDC1,100,0,0,0,
CCL25,0,100,0,100,S
LATS2,100,0,0,0,
NEDD4L,100,0,0,0,
ACVR1,100,0,0,0,
COPS6,100,0,0,0,
ERBIN,100,0,0,0,
CXCL6,0,100,0,100,S
IL15,0,100,0,100,S
DLK1,100,0,0,0,
PPBP,0,100,0,100,S
HGS,100,0,0,0,
IL10RA,100,0,0,0,
IL18,100,0,0,0,
FZD6,100,0,0,0,
DAAM1,100,0,0,0,
DTX1,99,0,1,-1,
SPOP,100,0,0,0,S
FRS2,100,0,0,0,
PRKX,100,0,0,0,S
SOCS2,100,0,0,0,S
PKN1,100,0,0,0,
NUP214,100,0,0,0,S
SH3RF1,100,0,0,0,
PIK3CG,100,0,0,0,
SIGIRR,0,0,100,-100,S
DUSP26,0,0,100,-100,S
SARM1,0,100,0,100,S
SNCA,100,0,0,0,
RYBP,0,0,100,-100,S
LEF1,100,0,0,0,
FGF22,0,100,0,100,S
MAPK12,100,0,0,0,
RRAGA,0,0,100,-100,S
CAMP,100,0,0,0,
MAP4K4,100,0,0,0,
B4DG79,100,0,0,0,
NOD1,100,0,0,0,
GNAI3,100,0,0,0,
ACVR2B,100,0,0,0,
CTNNA1,100,0,0,0,
IL11,0,100,0,100,S
ZAP70,100,0,0,0,
FGFR2,100,0,0,0,
ANGPT2,0,100,0,100,S
IL26,100,0,0,0,
SNX9,100,0,0,0,
UBE2D2,100,0,0,0,S
IL7,0,100,0,100,S
PRKCB,100,0,0,0,
TOLLIP,100,0,0,0,
THRB,100,0,0,0,
IHH,100,0,0,0,S
PIAS2,100,0,0,0,S
DUSP3,100,0,0,0,
AREG,100,0,0,0,
IRF5,100,0,0,0,
SMAD5,100,0,0,0,
CBY1,0,0,100,-100,S
NFKBIE,100,0,0,0,
CRP,100,0,0,0,
LTBP1,0,100,0,100,S
FLNA,100,0,0,0,
SH2B1,100,0,0,0,
TAB3,100,0,0,0,
STUB1,100,0,0,0,
FGF1,0,100,0,100,S
GHR,100,0,0,0,
PPARGC1A,100,0,0,0,
CCL21,0,100,0,100,S
WDR83,0,100,0,100,S
TAX1BP1,100,0,0,0,
SPAG9,100,0,0,0,
MOB1A,100,0,0,0,
NR1H3,100,0,0,0,
SPRY4,0,0,100,-100,S
MAPK8IP3,100,0,0,0,
BAMBI,100,0,0,0,
ARHGDIA,100,0,0,0,
TSC22D3,0,0,100,-100,S
NTRK3,100,0,0,0,
MSX1,0,100,0,100,S
PLCG1,100,0,0,0,
TEK,100,0,0,0,
WNT4,100,0,0,0,
MAML3,100,0,0,0,
NCK2,100,0,0,0,
CCR5,100,0,0,0,
WWOX,100,0,0,0,
SMO,100,0,0,0,
PTCH2,100,0,0,0,
PDGFRA,100,0,0,0,
FLT1,100,0,0,0,
FZD1,100,0,0,0,
LRRFIP2,0,100,0,100,S
DDR1,100,0,0,0,
PPP2CA,50,0,50,-50,
MAP4K2,100,0,0,0,
EIF4A2,0,100,0,100,S
CARD6,0,100,0,100,S
IL1RAP,100,0,0,0,
FOXH1,0,100,0,100,S
BMPR1A,100,0,0,0,
MAP3K2,100,0,0,0,
PPM1B,0,0,100,-100,S
ITGB1,100,0,0,0,
WIF1,0,0,100,-100,S
IRF2BP1,100,0,0,0,S
ICOS,100,0,0,0,
MATK,100,0,0,0,
ICAM1,100,0,0,0,
PDGFB,100,0,0,0,
CX3CL1,100,0,0,0,
IL6R,100,0,0,0,
IL12RB1,100,0,0,0,
RYK,100,0,0,0,
FGF10,100,0,0,0,
CSF1,100,0,0,0,
EXOC2,100,0,0,0,
NCSTN,100,0,0,0,
PELI3,0,100,0,100,S
BTC,100,0,0,0,
HHAT,0,100,0,100,S
MAP3K6,0,100,0,100,S
ARHGEF7,100,0,0,0,
IL23A,0,100,0,100,S
CRK,100,0,0,0,
KIF7,100,0,0,0,
PTPN7,100,0,0,0,
ITSN1,0,100,0,100,S
NOTCH4,100,0,0,0,
LRP5,100,0,0,0,
CXCL8,100,0,0,0,
PRDX1,100,0,0,0,
IQGAP1,100,0,0,0,
CCL20,0,100,0,100,S
HYAL2,0,100,0,100,S
IFI16,100,0,0,0,
IRS4,100,0,0,0,
MOB1B,100,0,0,0,
FLT3,100,0,0,0,
CCL17,0,100,0,100,S
WAS,100,0,0,0,
DAB2IP,100,0,0,0,
MAP3K13,0,100,0,100,S
DYRK1A,100,0,0,0,
PSENEN,100,0,0,0,
RBX1,100,0,0,0,S
TGIF1,100,0,0,0,S
KIR2DL1,100,0,0,0,
UBE2V1,100,0,0,0,
CCL11,0,100,0,100,S
TLR1,100,0,0,0,
PREX1,100,0,0,0,
PDGFC,0,100,0,100,S
PDGFD,0,100,0,100,S
PSEN2,100,0,0,0,
CXCL12,100,0,0,0,
GNAS,100,0,0,0,
IL9,0,100,0,100,S
SKIL,100,0,0,0,
SOCS4,0,0,100,-100,S
PPP1CC,100,0,0,0,
CCL1,0,100,0,100,S
PAG1,100,0,0,0,
DLX5,100,0,0,0,
NR3C2,100,0,0,0,
IL11RA,100,0,0,0,
PPARD,100,0,0,0,
PTCRA,0,100,0,100,S
GAB2,100,0,0,0,
DUSP9,100,0,0,0,S
FLT4,100,0,0,0,
MUC1,100,0,0,0,
FGF18,0,100,0,100,S
FGF4,0,100,0,100,S
KDR,100,0,0,0,
ILF3,100,0,0,0,
TAOK1,100,0,0,0,
ACTR2,100,0,0,0,
RAP1B,100,0,0,0,
FGFR1,100,0,0,0,
DVL2,100,0,0,0,
PBK,100,0,0,0,
GH1,0,100,0,100,S
PPP1R15A,100,0,0,0,
RAP1GAP,100,0,0,0,
TSLP,0,100,0,100,S
SCO2,100,0,0,0,
FZD4,100,0,0,0,
ADAM17,100,0,0,0,
DNER,0,100,0,100,S
POFUT1,0,100,0,100,S
CCL3,0,100,0,100,S
CCL22,0,100,0,100,S
RAB23,100,0,0,0,
DUSP2,100,0,0,0,S
PTPRB,100,0,0,0,S
CUL1,100,0,0,0,
DAXX,100,0,0,0,
FGF17,0,100,0,100,S
SYNJ2BP,100,0,0,0,
UBE2O,100,0,0,0,
NRG4,0,100,0,100,S
PTK2,100,0,0,0,
ELANE,100,0,0,0,
THEM4,0,0,100,-100,S
TYRO3,100,0,0,0,
CYLD,0,100,0,100,
RASGRP1,100,0,0,0,
PRL,100,0,0,0,
CD4,100,0,0,0,
RNF111,100,0,0,0,
MAP3K10,100,0,0,0,
INPPL1,100,0,0,0,
PHLPP1,100,0,0,0,
PIK3CA,100,0,0,0,
ANGPT1,0,100,0,100,S
DLL3,100,0,0,0,
PRKACB,100,0,0,0,
IRAK3,100,0,0,0,
DUSP19,100,0,0,0,S
SOS2,100,0,0,0,
RICTOR,100,0,0,0,
SREBF1,100,0,0,0,
PIK3CD,100,0,0,0,
XPO1,100,0,0,0,S
EEF1A1,100,0,0,0,
CDC34,100,0,0,0,
ACVR1B,100,0,0,0,
WNT16,0,100,0,100,S
EIF4G1,100,0,0,0,
RRAGD,100,0,0,0,
NLRX1,0,0,100,-100,S
MKNK2,100,0,0,0,
ADCY5,100,0,0,0,
CALCOCO2,0,0,100,-100,S
IL12B,100,0,0,0,
HSPA14,0,100,0,100,S
HES1,100,0,0,0,
VEGFB,0,100,0,100,S
TDGF1,100,0,0,0,
NOXA1,100,0,0,0,
CARD9,100,0,0,0,
DNAJA3,0,0,100,-100,S
CUL4A,100,0,0,0,
CD247,100,0,0,0,
DLX3,100,0,0,0,
ADM,0,100,0,100,S
ADM2,0,100,0,100,S
CALCA,0,100,0,100,S
CALCB,0,100,0,100,S
IAPP,0,100,0,100,S
APLN,0,100,0,100,S
AGT,100,0,0,0,
GAS6,0,100,0,100,S
PROS1,100,0,0,0,
NMB,0,100,0,100,S
GRP,0,100,0,100,S
KNG1,100,0,0,0,
C3,100,0,0,0,
C5,0,100,0,100,S
CCK,100,0,0,0,
CCL14,0,100,0,100,S
CCL15,0,100,0,100,S
CCL23,0,100,0,100,S
CCL7,0,100,0,100,S
CCL27,0,100,0,100,S
CCL24,0,100,0,100,S
RARRES2,0,100,0,100,S
CRH,0,100,0,100,S
UCN,0,100,0,100,S
UCN2,0,100,0,100,S
UCN3,0,100,0,100,S
CXCL1,100,0,0,0,
CXCL2,0,100,0,100,S
CXCL3,0,100,0,100,S
CXCL5,100,0,0,0,
CXCL13,0,100,0,100,S
PDYN,0,100,0,100,S
PENK,0,100,0,100,S
EDA,0,100,0,100,S
EDN1,100,0,0,0,
EDN2,100,0,0,0,
EDN3,100,0,0,0,
ANXA1,100,0,0,0,
SAA1,0,100,0,100,S
GAL,100,0,0,0,
GHRL,0,100,0,100,S
GIP,0,100,0,100,S
GCG,0,100,0,100,S
GNRH2,0,100,0,100,S
NPPA,0,100,0,100,S
NPPB,0,100,0,100,S
NPPC,0,100,0,100,S
RSPO2,0,100,0,100,S
RSPO3,0,100,0,100,S
POMC,0,100,0,100,S
KISS1,0,100,0,100,S
CGA,100,0,0,0,
CGB5,0,100,0,100,S
LHB,0,100,0,100,S
PMCH,0,100,0,100,S
AGRP,0,0,100,-100,S
MLN,0,100,0,100,S
TAC1,0,100,0,100,S
TAC3,0,100,0,100,S
NMS,0,100,0,100,S
NMU,0,100,0,100,S
PNOC,0,100,0,100,S
NPB,0,100,0,100,S
NPW,0,100,0,100,S
NPFF,0,100,0,100,S
NPVF,0,100,0,100,S
NPS,0,100,0,100,S
NTS,100,0,0,0,S
OXT,0,100,0,100,S
HCRT,0,100,0,100,S
ADCYAP1,0,100,0,100,S
VIP,0,100,0,100,S
PROK1,0,100,0,100,S
PROK2,100,0,0,0,
PRLH,0,100,0,100,S
PTHLH,100,0,0,0,
PTH2,0,100,0,100,S
QRFP,0,100,0,100,S
RLN2,0,100,0,100,S
RLN1,0,100,0,100,S
RLN3,0,100,0,100,S
INSL3,0,100,0,100,S
INSL5,0,100,0,100,S
SCT,0,100,0,100,S
CORT,0,100,0,100,S
SST,0,100,0,100,S
UTS2,0,100,0,100,S
AVP,100,0,0,0,S
XCL2,0,100,0,100,S
NPY,0,100,0,100,S
PPY,0,100,0,100,S
PYY,0,100,0,100,S
CAMK2A,100,0,0,0,
GNB2,100,0,0,0,
VRK1,100,0,0,0,
TCF7,100,0,0,0,
YWHAH,100,0,0,0,
RIMS1,100,0,0,0,
RAPGEF4,0,100,0,100,S
HTR1A,100,0,0,0,
GNAQ,100,0,0,0,
CAMK1,100,0,0,0,
VAV2,61,0,39,-39,
RASGRP3,100,0,0,0,
KCNIP3,100,0,0,0,
MINK1,100,0,0,0,
CARD14,100,0,0,0,
CAMK4,100,0,0,0,
CHRM2,100,0,0,0,
SSTR1,100,0,0,0,
SSTR2,100,0,0,0,
DRD1,100,0,0,0,
HTR2A,100,0,0,0,
PTAFR,0,100,0,100,S
GNA13,80,0,20,-20,
HTR4,100,0,0,0,
SH3KBP1,100,0,0,0,
RBP1,100,0,0,0,
PPP3R1,100,0,0,0,
BCAP31,100,0,0,0,S
ANP32A,100,0,0,0,
SEC63,0,100,0,100,S
BDNF,100,0,0,0,
FER,0,100,0,100,S
ARHGAP1,62,0,38,-38,
ROCK2,0,0,100,-100,
MYLK,100,0,0,0,
EEF2K,100,0,0,0,
L1CAM,100,0,0,0,
RPH3A,100,0,0,0,
RAPGEF1,100,0,0,0,
ADORA1,0,100,0,100,S
ADRA1A,0,100,0,100,S
ADRA2A,0,100,0,100,S
ILK,100,0,0,0,
VDAC2,0,0,100,-100,S
MAP4K3,100,0,0,0,
ARHGEF2,100,0,0,0,
TUBA1B,100,0,0,0,
CSNK1G1,100,0,0,0,
RAPGEF2,100,0,0,0,
GDI1,100,0,0,0,
ADRB2,100,0,0,0,
STX3,100,0,0,0,
SYT1,100,0,0,0,
ADORA2A,100,0,0,0,
ARHGEF1,100,0,0,0,
GNA12,95,0,5,-5,
CYTH2,100,0,0,0,
PSD3,0,100,0,100,S
PRKG2,100,0,0,0,S
BDKRB1,100,0,0,0,
RASGRF1,100,0,0,0,
RASA4,0,0,100,-100,S
RAPGEF3,0,100,0,100,S
RIN1,100,0,0,0,
PPP2R5C,100,0,0,0,
WASF1,100,0,0,0,
ANAPC1,100,0,0,0,
TUBA1A,100,0,0,0,
ARFGEF2,0,100,0,100,S
FN1,100,0,0,0,
SIPA1,0,0,100,-100,S
ARFGAP1,100,0,0,0,
RGS4,0,0,100,-100,S
RGS19,100,0,0,0,
PPP1R12B,100,0,0,0,
F2RL1,100,0,0,0,
PRSS1,0,100,0,100,S
SYN1,100,0,0,0,
GNAZ,100,0,0,0,
DOK1,100,0,0,0,
EFNB2,0,100,0,100,S
WNT6,0,100,0,100,S
CHRM4,0,100,0,100,S
SNPH,0,0,100,-100,S
DLG1,100,0,0,0,
HOMER2,0,100,0,100,S
COX5B,100,0,0,0,
NAIP,100,0,0,0,
HPCA,0,100,0,100,S
CTTN,100,0,0,0,
SHANK1,0,100,0,100,S
MYRIP,0,100,0,100,S
DPYSL2,100,0,0,0,
SRP54,0,100,0,100,S
PROKR1,100,0,0,0,
EIF5,100,0,0,0,
EIF3J,100,0,0,0,
SIVA1,100,0,0,0,
AP2S1,0,100,0,100,S
GABBR1,100,0,0,0,
SYNGAP1,100,0,0,0,
UNC13B,100,0,0,0,
PKIA,100,0,0,0,
SERPINB2,100,0,0,0,
PPP1R1A,100,0,0,0,
PTPRA,100,0,0,0,
CNKSR1,0,100,0,100,S
GRK2,100,0,0,0,
KHDRBS2,100,0,0,0,
RALA,100,0,0,0,
RELN,100,0,0,0,S
PTPN5,100,0,0,0,
SV2A,0,100,0,100,S
ARHGEF12,100,0,0,0,
MACROD1,100,0,0,0,
STXBP6,0,0,100,-100,S
CNR2,0,100,0,100,S
ANK1,100,0,0,0,
GRM7,100,0,0,0,
PICK1,0,0,100,-100,S
SRI,0,0,100,-100,S
DOC2A,0,100,0,100,S
DLG4,100,0,0,0,
DRD3,0,100,0,100,S
GDF15,100,0,0,0,
DLGAP1,0,100,0,100,S
CABIN1,100,0,0,0,
DNAJC5,100,0,0,0,S
AP1B1,100,0,0,0,S
COL1A1,100,0,0,0,
VTN,100,0,0,0,
FGA,100,0,0,0,
OPRD1,100,0,0,0,
OPRK1,100,0,0,0,
OPRL1,100,0,0,0,
GRIN2A,100,0,0,0,
RAP2A,100,0,0,0,
CERK,0,100,0,100,S
ENC1,0,0,100,-100,S
MAFG,0,0,100,-100,S
PTMA,0,0,100,-100,S
HSP90AB1,0,100,0,100,
MT3,0,100,0,100,S
PTGS2,100,0,0,0,
MAP1LC3B,100,0,0,0,
GADD45GIP1,0,0,100,-100,S
PGAM5,100,0,0,0,S
ERC1,0,100,0,100,S
CSNK2A2,0,0,100,-100,S
ECSIT,100,0,0,0,
COP1,100,0,0,0,
ZBP1,0,100,0,100,S
CARD17,0,0,100,-100,S
PYDC1,0,0,100,-100,S
HLA_DMA,0,100,0,100,S
HLA_DMB,0,100,0,100,S
CASP4,0,100,0,100,S
TLR6,100,0,0,0,
POP1,0,0,100,-100,S
POPDC2,0,0,100,-100,S
PYDC2,0,0,100,-100,S
CNOT8,0,0,100,-100,S
GRK6,100,0,0,0,S
MAGI2,0,100,0,100,S
SLC9A3R2,0,100,0,100,S
MAGI3,0,100,0,100,S
GOPC,100,0,0,0,S
CTNND2,0,100,0,100,S
RLF,0,100,0,100,S
WNT9A,100,0,0,0,
CDK7,100,0,0,0,
CDK9,100,0,0,0,
PPP2R5A,100,0,0,0,
RANBP3,0,0,100,-100,S
FZD8,100,0,0,0,
CHRM3,0,100,0,100,S
RNF4,100,0,0,0,
CDH15,0,100,0,100,S
RABEP1,0,100,0,100,S
AAK1,0,100,0,100,S
PRKAA2,100,0,0,0,
LRRK2,100,0,0,0,
F2,100,0,0,0,
WNT10A,0,100,0,100,S
DDB1,100,0,0,0,
EPGN,0,100,0,100,S
CTDSP2,100,0,0,0,S
KHSRP,100,0,0,0,
CTDSPL,100,0,0,0,S
REN,0,100,0,100,S
KAT6B,0,100,0,100,S
LMTK2,100,0,0,0,
SLIT1,0,100,0,100,S
SOX6,100,0,0,0,
CRKL,100,0,0,0,
EPHA3,100,0,0,0,
CDK4,0,100,0,100,
CDON,100,0,0,0,
FBLN5,100,0,0,0,
LPAR1,0,100,0,100,S
LPAR3,0,100,0,100,S
SDC4,100,0,0,0,
RIT2,100,0,0,0,
ZNF76,0,0,100,-100,S
ROR1,100,0,0,0,
SP4,0,100,0,100,S
CBX4,100,0,0,0,
RASSF6,0,0,100,-100,S
PDPK2P,0,100,0,100,S
PPP2CB,50,0,50,-50,
TRIB3,100,0,0,0,
IL12A,100,0,0,0,
SMARCA2,100,0,0,0,
WT1,100,0,0,0,
TET2,100,0,0,0,
MC1R,100,0,0,0,
MC5R,100,0,0,0,
MCHR1,100,0,0,0,
MCHR2,100,0,0,0,
NTN1,0,100,0,100,S
PAWR,0,0,100,-100,S
RPS6KA2,100,0,0,0,
ASXL1,100,0,0,0,
EID2,0,0,100,-100,S
MSC,0,0,100,-100,S
MTCP1,0,100,0,100,S
GRK5,100,0,0,0,S
CCR3,100,0,0,0,
MAGEL2,100,0,0,0,
TPR,100,0,0,0,
GALP,0,100,0,100,S
RPGRIP1,0,0,100,-100,S
RPGR,100,0,0,0,
MYOD1,100,0,0,0,
TNFSF11,0,100,0,100,S
DIAPH1,100,0,0,0,
FZD10,100,0,0,0,
FZD5,100,0,0,0,
FZD9,100,0,0,0,
FZD2,100,0,0,0,
PPP3CA,100,0,0,0,
TP53RK,100,0,0,0,
PPP3CC,100,0,0,0,
SIK1,100,0,0,0,
KRT1,100,0,0,0,
POGLUT1,0,100,0,100,S
TXK,100,0,0,0,
BRD4,0,100,0,100,S
PTPN12,100,0,0,0,
PTPRG,100,0,0,0,
PTPRJ,0,100,0,100,S
BCKDK,0,0,100,-100,S
RPAP2,0,100,0,100,S
TFG,0,100,0,100,S
ADIPOQ,0,100,0,100,S
NFX1,0,100,0,100,S
ROBO2,100,0,0,0,
ROBO1,100,0,0,0,
ROBO3,100,0,0,0,
SGK2,100,0,0,0,
SGK3,100,0,0,0,
NUAK2,100,0,0,0,
NUAK1,100,0,0,0,
LHX1,0,100,0,100,S
WNK1,100,0,0,0,
LIF,100,0,0,0,
VEGFA,100,0,0,0,
GXYLT2,0,100,0,100,S
FGFR3,100,0,0,0,
HBA1,100,0,0,0,
HBB,100,0,0,0,
FANCM,100,0,0,0,
IL31RA,100,0,0,0,
FNTB,0,100,0,100,S
PAK3,100,0,0,0,
PLAU,0,100,0,100,S
CAMK2D,100,0,0,0,
CDK6,100,0,0,0,
PAX7,100,0,0,0,
ACE,0,100,0,100,S
SLC30A9,0,0,100,-100,S
PLAUR,100,0,0,0,
CENPX,0,100,0,100,S
CTDSP1,100,0,0,0,S
PIM2,100,0,0,0,
TLE4,0,0,100,-100,S
SRPK1,100,0,0,0,
DEF6,100,0,0,0,
SNTA1,100,0,0,0,
CDKN3,0,0,100,-100,S
EAF2,0,100,0,100,S
BDKRB2,100,0,0,0,
FGF11,0,0,100,-100,S
OXSR1,100,0,0,0,
CDC14A,100,0,0,0,S
AMOT,0,0,100,-100,S
THBS1,100,0,0,0,
IL31,0,100,0,100,S
CTDNEP1,100,0,0,0,S
PRKCH,100,0,0,0,S
NCOA4,0,100,0,100,S
PPP3CB,100,0,0,0,
AVPR2,100,0,0,0,
TMED10,0,100,0,100,S
NTF3,100,0,0,0,
PTPRH,100,0,0,0,
MRTFB,0,100,0,100,S
PTPRR,100,0,0,0,
CDK12,0,100,0,100,S
FGF14,0,0,100,-100,S
DOK7,0,100,0,100,S
WWTR1,100,0,0,0,
CCNC,100,0,0,0,
ZNRF3,100,0,0,0,
HOOK2,0,100,0,100,S
NPFFR1,100,0,0,0,
DMPK,0,100,0,100,S
FES,100,0,0,0,
EFNA1,100,0,0,0,S
HTR7,100,0,0,0,
RTN4,0,100,0,100,S
YWHAE,100,0,0,0,
SFN,100,0,0,0,
EREG,100,0,0,0,
APOE,100,0,0,0,
CDK3,100,0,0,0,
AMHR2,100,0,0,0,
ADAM12,100,0,0,0,
SHC3,100,0,0,0,
PRKAR1A,100,0,0,0,
PRKAR1B,0,0,100,-100,S
BRK1,0,100,0,100,S
CYFIP1,0,100,0,100,S
NHS,100,0,0,0,
PRKAR2A,100,0,0,0,
ZIC3,0,100,0,100,S
THBS2,0,100,0,100,S
NCKAP1,0,100,0,100,S
PRKAR2B,100,0,0,0,
BMP10,0,100,0,100,S
NF2,100,0,0,0,
HCRTR1,100,0,0,0,
SELPLG,0,100,0,100,S
UHMK1,100,0,0,0,S
CSN1S1,0,100,0,100,S
MAPK6,100,0,0,0,
AP2M1,100,0,0,0,
PPP2R5B,0,100,0,100,S
APPL1,100,0,0,0,
KPNA3,0,100,0,100,S
TFPI,0,100,0,100,S
DUSP7,0,0,100,-100,S
BMP1,100,0,0,0,
HOXB7,0,100,0,100,S
C1QBP,0,100,0,100,S
PMP22,0,100,0,100,S
HMGA2,100,0,0,0,
CSF1R,100,0,0,0,
S1PR3,0,100,0,100,S
RPS6KB2,100,0,0,0,
USP24,0,100,0,100,S
RANBP9,100,0,0,0,
RAP1GDS1,0,100,0,100,S
SDF2L1,0,100,0,100,S
SKOR1,0,0,100,-100,S
DYRK1B,100,0,0,0,
PPP1R2,100,0,0,0,
NRG3,0,100,0,100,S
CYSLTR1,0,100,0,100,S
VEGFC,0,100,0,100,S
VEGFD,0,100,0,100,S
MUL1,0,0,100,-100,S
DNAJC3,0,0,100,-100,S
HNF1B,100,0,0,0,
PCM1,0,100,0,100,S
NMBR,100,0,0,0,
PPP2R1A,100,0,0,0,
PIM3,100,0,0,0,
CCKBR,100,0,0,0,
GDF2,0,100,0,100,S
NSD2,0,100,0,100,S
EDNRB,100,0,0,0,
HCRTR2,100,0,0,0,
EFNA2,0,100,0,100,S
EFNA3,0,100,0,100,S
MBTPS1,0,100,0,100,S
ELOC,100,0,0,0,S
CAMK2B,100,0,0,0,
RFNG,0,100,0,100,S
CD74,100,0,0,0,
STK26,0,100,0,100,S
WNT5B,100,0,0,0,
PSTPIP1,100,0,0,0,
EZR,100,0,0,0,
P2RY4,0,100,0,100,S
PIK3C3,100,0,0,0,
F2RL2,100,0,0,0,
RASGEF1B,0,100,0,100,S
F2RL3,100,0,0,0,
XXYLT1,0,100,0,100,S
WNT7B,0,100,0,100,S
HP,100,0,0,0,S
AGTR1,100,0,0,0,
NUMA1,100,0,0,0,
NCBP1,0,100,0,100,S
FFAR4,0,100,0,100,S
TNKS2,0,0,100,-100,S
FGF12,0,0,100,-100,S
FGF13,0,0,100,-100,S
FLCN,100,0,0,0,
HLA_G,0,100,0,100,S
AIMP1,100,0,0,0,
FPR2,100,0,0,0,
PTPRZ1,100,0,0,0,
ACVR2A,100,0,0,0,
GALR2,100,0,0,0,
CBFA2T3,100,0,0,0,
GDF11,0,100,0,100,S
GHSR,100,0,0,0,
PITX3,0,100,0,100,S
KPNA6,0,100,0,100,S
POU4F2,0,100,0,100,S
THPO,0,100,0,100,S
GPR84,0,100,0,100,S
HDAC7,100,0,0,0,
UIMC1,100,0,0,0,
GRK4,0,0,100,-100,S
HDAC5,100,0,0,0,
IFNL2,0,100,0,100,S
RPGRIP1L,0,0,100,-100,S
PRPF4B,100,0,0,0,S
HRH2,100,0,0,0,
RWDD3,0,100,0,100,S
HRH4,100,0,0,0,
RPL10,0,0,100,-100,S
TP53INP1,100,0,0,0,
HTR1E,100,0,0,0,
TUBB,100,0,0,0,
HTR2B,100,0,0,0,
PPP2R2B,0,0,100,-100,S
HRH3,100,0,0,0,
THRAP3,0,0,100,-100,S
VRK2,100,0,0,0,S
WNT2,100,0,0,0,
MUTYH,0,100,0,100,S
PXN,100,0,0,0,
GIT1,100,0,0,0,
RASGEF1A,0,100,0,100,S
PBX1,100,0,0,0,
CSNK1G2,100,0,0,0,S
HMGA1,100,0,0,0,
TNKS,0,0,100,-100,S
IL13,100,0,0,0,
HSPA1B,100,0,0,0,
PIK3AP1,0,100,0,100,S
CTNNA2,0,0,100,-100,S
MYOCD,100,0,0,0,
DAB1,100,0,0,0,
PLK2,100,0,0,0,S
INHBA,100,0,0,0,
GNG12,100,0,0,0,
OSM,0,100,0,100,S
PTGER2,0,100,0,100,S
NXPH1,0,100,0,100,S
NKX3_1,100,0,0,0,
RXRG,100,0,0,0,
CDH2,100,0,0,0,
FOXC1,0,100,0,100,S
HSPG2,0,100,0,100,S
ITGB4,100,0,0,0,
DRD5,0,100,0,100,S
FNTA,100,0,0,0,
ZFP91,0,100,0,100,S
ITPRIPL1,0,100,0,100,S
SDHAF2,0,100,0,100,S
STK17A,0,100,0,100,S
CAPN3,100,0,0,0,
EDNRA,100,0,0,0,
MAST3,0,100,0,100,S
PCGF2,0,0,100,-100,S
TTF2,0,100,0,100,S
SERPINA1,0,100,0,100,S
SERPINC1,100,0,0,0,S
LTB4R2,0,100,0,100,S
DACT2,0,0,100,-100,S
DOK4,100,0,0,0,
PNCK,0,100,0,100,S
MC4R,100,0,0,0,
PPP2R2A,100,0,0,0,
PPP2R5D,100,0,0,0,
PTH1R,100,0,0,0,
RNF43,100,0,0,0,
CCNY,0,100,0,100,S
GPR161,0,100,0,100,S
MMP3,0,100,0,100,S
TRIM11,0,0,100,-100,S
TRIM24,100,0,0,0,S
PGF,0,100,0,100,S
ANGPT4,0,100,0,100,S
EFNA4,0,100,0,100,S
FGF19,0,100,0,100,S
FGF21,0,100,0,100,S
FGF23,100,0,0,0,S
FGF20,0,100,0,100,S
FGF5,0,100,0,100,S
FGF16,0,100,0,100,S
NTF4,0,100,0,100,S
BMP15,0,100,0,100,S
HIC1,100,0,0,0,
PIMREG,100,0,0,0,
PTGER1,0,100,0,100,S
TNFSF13,0,100,0,100,S
TEAD4,100,0,0,0,
PICALM,100,0,0,0,
TAOK3,100,0,0,0,
NUDT3,0,100,0,100,S
PRKAB1,100,0,0,0,
PTH,0,100,0,100,S
RASGEF1C,0,100,0,100,S
EPHA7,100,0,0,0,
EPHB3,100,0,0,0,
FGFR4,100,0,0,0,
INSRR,100,0,0,0,
MUSK,100,0,0,0,
ROS1,100,0,0,0,
TIE1,100,0,0,0,
PTK7,100,0,0,0,
DDR2,100,0,0,0,
EPHA2,100,0,0,0,
EPHA1,100,0,0,0,
EPHA6,100,0,0,0,
EPHA5,100,0,0,0,
EPHA8,100,0,0,0,
EPHB4,100,0,0,0,
EPHB2,100,0,0,0,
AATK,100,0,0,0,
IFNL3,0,100,0,100,S
IFNLR1,100,0,0,0,
NRTN,0,100,0,100,S
KPNA4,0,100,0,100,S
KRT14,0,0,100,-100,S
ULBP2,0,100,0,100,S
NME2,100,0,0,0,
PCSK7,0,100,0,100,S
PI4K2A,100,0,0,0,
TRIM27,100,0,0,0,
PTPRE,100,0,0,0,S
SIK2,100,0,0,0,
STK10,0,0,100,-100,S
BRSK1,100,0,0,0,
LPAR4,100,0,0,0,
RGS6,0,0,100,-100,S
LPAR6,0,100,0,100,S
LTB4R,0,100,0,100,S
LTBP2,0,100,0,100,S
TRIP11,100,0,0,0,
PDE4DIP,0,100,0,100,S
TFAP2B,0,100,0,100,S
TTBK1,0,0,100,-100,S
TESK1,100,0,0,0,
PJA1,0,0,100,-100,S
PAK4,100,0,0,0,
CFH,100,0,0,0,
PDK3,0,0,100,-100,S
PTPN21,0,100,0,100,S
MELK,100,0,0,0,
SSH2,0,100,0,100,S
PDP1,100,0,0,0,S
PRKAG1,100,0,0,0,
TNIK,0,100,0,100,S
TSSK4,0,100,0,100,S
SSH1,100,0,0,0,
TNK2,100,0,0,0,
PTP4A3,100,0,0,0,S
KNL1,100,0,0,0,
STK24,100,0,0,0,
CLK4,0,0,100,-100,S
RANBP17,0,100,0,100,S
SRPK2,100,0,0,0,
PDK4,0,0,100,-100,S
PHF6,0,0,100,-100,S
TNFSF15,0,100,0,100,S
POT1,0,100,0,100,S
ADORA3,0,100,0,100,S
NEB,100,0,0,0,
RND1,100,0,0,0,
ADRA1D,0,100,0,100,S
SEMA4D,0,100,0,100,S
UBE2A,100,0,0,0,
IFNL1,0,100,0,100,S
RAD1,100,0,0,0,
NTN4,0,100,0,100,S
SRGAP3,0,100,0,100,S
APH1A,100,0,0,0,
ARVCF,0,100,0,100,S
AVPR1B,100,0,0,0,
KPNB1,100,0,0,0,
ICK,100,0,0,0,
NME1,100,0,0,0,
GRIP1,0,100,0,100,S
IFNW1,0,100,0,100,S
GRPR,100,0,0,0,
BAIAP2,100,0,0,0,
GDNF,100,0,0,0,
NEK9,100,0,0,0,
TLK1,100,0,0,0,
MSH6,0,100,0,100,S
TEC,100,0,0,0,
PRSS21,0,100,0,100,S
CHRM5,0,100,0,100,S
TCEA1,0,100,0,100,S
TESK2,0,0,100,-100,S
TOPORS,100,0,0,0,
PTPN22,100,0,0,0,
SIK3,100,0,0,0,
CTNND1,0,0,100,-100,
SEMA3F,0,100,0,100,S
WNT3,0,100,0,100,S
SBDS,0,100,0,100,S
SEMA3A,100,0,0,0,S
WNT2B,0,100,0,100,S
SOCS6,0,0,100,-100,S
TBL1XR1,100,0,0,0,
NSD1,0,100,0,100,S
WNT9B,0,100,0,100,S
MIF,0,100,0,100,S
RSPO1,100,0,0,0,S
CLK1,100,0,0,0,S
RAPGEF5,0,100,0,100,S
NIN,100,0,0,0,
TRIM21,0,0,100,-100,S
DVL1P1,0,100,0,100,S
MAST2,0,100,0,100,S
GPC4,0,100,0,100,S
PKM,100,0,0,0,
LMO1,0,100,0,100,S
LPAR5,0,100,0,100,S
ANGPTL1,100,0,0,0,S
MAPK15,100,0,0,0,
MECOM,100,0,0,0,
PPM1L,0,0,100,-100,S
SLX4,100,0,0,0,
NFIB,100,0,0,0,
APOA5,0,100,0,100,S
TEAD2,100,0,0,0,
RAD50,100,0,0,0,
GNAT1,100,0,0,0,
SF1,100,0,0,0,
FBXO11,0,0,100,-100,S
MTMR4,0,0,100,-100,S
TP53INP2,0,100,0,100,S
S1PR2,0,100,0,100,S
TCL1B,0,100,0,100,S
TEAD3,100,0,0,0,
GNG2,100,0,0,0,
MFF,100,0,0,0,
PTPN3,0,0,100,-100,S
MFNG,0,100,0,100,S
MIB2,0,100,0,100,S
MLF1,0,100,0,100,S
BCORL1,0,100,0,100,S
CSNK1A1L,100,0,0,0,
MTNR1B,100,0,0,0,
PTGFR,0,100,0,100,S
SSTR3,100,0,0,0,
SARS,0,0,100,-100,S
P2RY12,0,100,0,100,S
PTGER3,0,100,0,100,S
S1PR1,100,0,0,0,
TACR2,100,0,0,0,
NMUR1,100,0,0,0,
TBXA2R,100,0,0,0,
P2RY13,0,100,0,100,S
P2RY2,0,100,0,100,S
PTGER4,0,100,0,100,S
P2RY1,0,100,0,100,S
P2RY6,0,100,0,100,S
NR4A3,100,0,0,0,
PELI1,100,0,0,0,
SSTR5,100,0,0,0,
PRLHR,100,0,0,0,
PTGDR,0,100,0,100,S
OXGR1,0,100,0,100,S
P2RY11,0,100,0,100,S
TACR1,100,0,0,0,
UTS2R,100,0,0,0,
SSTR4,100,0,0,0,
P2RY14,100,0,0,0,
ADRB1,100,0,0,0,
OXTR,100,0,0,0,
TACR3,100,0,0,0,
PTGIR,0,100,0,100,S
P2RY10,0,100,0,100,S
NMUR2,100,0,0,0,
SPEN,100,0,0,0,
FFAR2,0,100,0,100,S
DRD4,0,100,0,100,S
GPR119,0,100,0,100,S
FFAR1,0,100,0,100,S
FFAR3,0,100,0,100,S
GALR1,100,0,0,0,
GALR3,100,0,0,0,
GPR132,0,100,0,100,S
GPR174,0,100,0,100,S
GPR17,0,100,0,100,S
GPR183,0,100,0,100,S
GPR34,0,100,0,100,S
GPR35,0,100,0,100,S
ASIP,100,0,0,0,S
DNM2,100,0,0,0,
GPR55,0,100,0,100,S
HRH1,100,0,0,0,
HTR1D,0,100,0,100,S
DUSP8,0,0,100,-100,S
MC3R,100,0,0,0,
ADORA2B,0,100,0,100,S
ADRA2B,0,100,0,100,S
ADRA2C,0,100,0,100,S
CDK5R1,100,0,0,0,
HTR2C,100,0,0,0,
HTR6,100,0,0,0,
ADRA1B,100,0,0,0,
MRGPRX1,0,100,0,100,S
BCOR,0,100,0,100,S
CD3E,100,0,0,0,
CAST,0,0,100,-100,S
CIITA,0,0,100,-100,
GTF2F1,100,0,0,0,
EFNB3,0,100,0,100,S
GXYLT1,0,100,0,100,S
SOX3,0,0,100,-100,S
AATF,100,0,0,0,
NUDCD2,0,100,0,100,S
APLNR,100,0,0,0,
AVPR1A,100,0,0,0,
MMP13,100,0,0,0,S
TEAD1,100,0,0,0,
TMOD1,0,0,100,-100,S
CCKAR,100,0,0,0,
PTPN9,0,0,100,-100,S
ASH2L,0,100,0,100,S
MRGPRX2,100,0,0,0,
TFAP4,0,100,0,100,S
AHR,100,0,0,0,
AIP,100,0,0,0,S
ARNT,100,0,0,0,
TPO,0,100,0,100,S
ZC3H12A,0,100,0,100,S
SNIP1,0,0,100,-100,S
LHX3,100,0,0,0,
POU3F2,100,0,0,0,
MRE11,100,0,0,0,
ADAMTS13,0,0,100,-100,S
TNFRSF21,100,0,0,0,
TRAF7,0,100,0,100,S
AHSA1,0,100,0,100,S
ARSA,0,100,0,100,S
APOA1,100,0,0,0,
BFAR,0,0,100,-100,S
AFDN,100,0,0,0,
CAMK2G,100,0,0,0,
TET3,0,100,0,100,S
CDK14,100,0,0,0,
LDB1,0,100,0,100,S
AMER1,100,0,0,0,S
LMO3,0,100,0,100,S
LNX1,0,0,100,-100,S
MAST1,0,0,100,-100,S
MLNR,100,0,0,0,
MTSS1,0,100,0,100,S
NPFFR2,100,0,0,0,
PDP2,100,0,0,0,S
FSTL3,0,0,100,-100,S
ITGB1BP1,0,0,100,-100,S
MZF1,0,100,0,100,S
ELK1,100,0,0,0,
UBIAD1,0,0,100,-100,S
CMA1,0,100,0,100,S
CTSG,0,100,0,100,S
CLK2,100,0,0,0,
MALT1,100,0,0,0,
ASPSCR1,0,100,0,100,S
PORCN,0,100,0,100,S
LMO2,0,100,0,100,S
WLS,0,100,0,100,S
S1PR5,0,100,0,100,S
CAMK1G,0,100,0,100,S
NPBWR1,100,0,0,0,
FPR1,100,0,0,0,
GRK3,100,0,0,0,S
SSH3,0,100,0,100,S
PLK4,100,0,0,0,
PPP2R1B,0,100,0,100,S
PRKD2,100,0,0,0,
STK38L,100,0,0,0,
MSX2,0,100,0,100,S
ADRB3,0,100,0,100,S
ANAPC2,100,0,0,0,
PRDM16,0,100,0,100,S
CYSLTR2,0,100,0,100,S
GNAO1,100,0,0,0,
EFNB1,100,0,0,0,
SRSF3,0,100,0,100,S
NEK1,0,0,100,-100,S
INVS,0,0,100,-100,S
FHL2,100,0,0,0,
STMN1,100,0,0,0,
FGFR1OP,0,100,0,100,S
GNB1,100,0,0,0,
GNB3,100,0,0,0,
GNG3,100,0,0,0,
GNGT1,100,0,0,0,
GPHA2,0,100,0,100,S
GPI,100,0,0,0,
GRB7,100,0,0,0,
AMH,0,100,0,100,S
GUCA2A,0,100,0,100,S
GUCA2B,0,100,0,100,S
HOOK3,0,0,100,-100,S
HOXB8,0,100,0,100,S
RAPGEF6,0,100,0,100,S
SRSF7,0,100,0,100,S
PTP4A2,0,100,0,100,S
IER3,100,0,0,0,
MTMR3,0,0,100,-100,S
KISS1R,100,0,0,0,
KNSTRN,100,0,0,0,
RAG1,100,0,0,0,
RAG2,100,0,0,0,
PCBD1,0,100,0,100,S
SRCAP,0,100,0,100,S
TFDP1,100,0,0,0,
IL10RB,100,0,0,0,
IL17A,0,100,0,100,S
IL17B,0,100,0,100,S
RITA1,0,0,100,-100,S
SEMA3C,0,100,0,100,S
DACT1,0,0,100,-100,S
IL27,0,100,0,100,S
LIFR,100,0,0,0,
IL34,0,100,0,100,S
FST,100,0,0,0,
HMOX2,0,0,100,-100,S
FURIN,0,100,0,100,S
BRSK2,100,0,0,0,
USP6,100,0,0,0,
PPP1R8,100,0,0,0,
TTL,100,0,0,0,
MMP1,100,0,0,0,
ACD,0,100,0,100,S
PPP6C,0,0,100,-100,S
OMG,0,100,0,100,S
EPN1,100,0,0,0,
EXTL1,0,0,100,-100,S
CDO1,0,100,0,100,S
INHA,100,0,0,0,S
RPA2,100,0,0,0,
IRF2BP2,0,100,0,100,S
EAF1,0,100,0,100,S
AXIN2,100,0,0,0,
FBXO32,0,0,100,-100,S
FERMT1,0,100,0,100,S
FERMT3,0,100,0,100,S
FERMT2,0,100,0,100,S
GPER1,0,100,0,100,S
AGTR2,0,100,0,100,S
SEPT12,0,0,100,-100,S
LRP1B,0,0,100,-100,S
CHN1,0,100,0,100,S
RHOH,0,100,0,100,S
TET1,100,0,0,0,
USP8,100,0,0,0,
TLX3,0,0,100,-100,S
SREBF2,100,0,0,0,
EIF3E,100,0,0,0,
CD274,100,0,0,0,
DDX20,0,100,0,100,S
SETBP1,0,100,0,100,S
CDKN2AIP,100,0,0,0,
FHIT,0,0,100,-100,S
RPL5,0,100,0,100,S
NKD1,0,0,100,-100,S
KTN1,100,0,0,0,
EIF3F,100,0,0,0,
CDK20,0,100,0,100,S
PIK3R3,100,0,0,0,
OGT,100,0,0,0,
NSD3,0,100,0,100,S
DTX4,0,0,100,-100,S
GMPS,100,0,0,0,
PATZ1,0,0,100,-100,S
MMP9,100,0,0,0,
MTCH2,0,100,0,100,S
STIL,0,100,0,100,S
POU2AF1,0,100,0,100,S
FBXO22,0,0,100,-100,S
CLCF1,0,100,0,100,S
CNTF,0,100,0,100,S
PSPN,0,100,0,100,S
CRTC3,100,0,0,0,
ABI1,100,0,0,0,
HIST1H2AI,100,0,0,0,
ACP1,100,0,0,0,S
NDRG1,100,0,0,0,
BMP7,100,0,0,0,
ANKRD6,0,100,0,100,S
APH1B,0,100,0,100,S
ARTN,0,100,0,100,S
AURKC,0,100,0,100,S
WNT8B,0,100,0,100,S
BMP4,100,0,0,0,
UBC,100,0,0,0,
UCHL1,100,0,0,0,S
DYRK3,0,0,100,-100,S
TARBP2,0,100,0,100,S
GPC3,0,0,100,-100,S
LIPH,0,100,0,100,S
SLIT2,100,0,0,0,
CDKN2B,0,0,100,-100,S
PTPN14,0,0,100,-100,S
RBM15,0,100,0,100,S
CTGF,0,100,0,100,S
CD55,0,100,0,100,S
SH3BP4,0,0,100,-100,S
ADIPOR2,100,0,0,0,
FAM107A,0,100,0,100,S
FHL1,100,0,0,0,
NDN,0,100,0,100,S
TSHB,0,100,0,100,S
CNTN6,0,100,0,100,S
KDM2A,0,0,100,-100,S
MAP1LC3C,100,0,0,0,
PRCC,0,100,0,100,S
NFATC2,100,0,0,0,
SND1,100,0,0,0,
MYLK2,100,0,0,0,
CP,100,0,0,0,
DLK2,0,0,100,-100,S
TLE2,0,0,100,-100,S
PRRX1,100,0,0,0,
KLF4,100,0,0,0,
GRN,0,0,100,-100,S
UBASH3B,0,0,100,-100,S
ZBTB14,100,0,0,0,
MRTFA,100,0,0,0,
TNFRSF25,100,0,0,0,
MAP4K5,100,0,0,0,S
ZNF521,0,0,100,-100,S
MBTPS2,0,100,0,100,S
RABGEF1,100,0,0,0,
RIPK3,100,0,0,0,
HSPA2,0,0,100,-100,S
CRYBB2,100,0,0,0,
SS18L1,0,100,0,100,S
SEMA7A,0,100,0,100,S
APP,100,0,0,0,
TBX2,0,0,100,-100,S
RPN1,0,100,0,100,S
HTR1F,100,0,0,0,
COPS3,100,0,0,0,
ERCC2,100,0,0,0,
FHL5,0,100,0,100,S
FIP1L1,0,100,0,100,S
FKBP5,100,0,0,0,
FBN1,100,0,0,0,
EYA3,0,0,100,-100,S
NODAL,100,0,0,0,
FGG,100,0,0,0,
BMX,100,0,0,0,
VWF,100,0,0,0,
CRYAA,100,0,0,0,
ENPP1,100,0,0,0,
PAFAH1B1,100,0,0,0,
PFN1,100,0,0,0,
JAZF1,0,0,100,-100,S
STYX,0,0,100,-100,S
ATXN2L,0,0,100,-100,S
CEBPE,0,100,0,100,S
PDHX,0,0,100,-100,S
AHSP,0,100,0,100,S
SATB2,0,0,100,-100,S
ADIPOR1,100,0,0,0,
STAT4,100,0,0,0,
HMOX1,100,0,0,0,
MSI1,0,0,100,-100,S
PPP2R2C,0,0,100,-100,S
GCHFR,0,0,100,-100,S
NPLOC4,100,0,0,0,
VCP,100,0,0,0,
UFD1,100,0,0,0,
CGB7,0,100,0,100,S
BNIP2,100,0,0,0,
SORBS1,100,0,0,0,
CAPRIN2,0,100,0,100,S
HOXD9,0,100,0,100,S
BTG1,0,100,0,100,S
OFD1,0,100,0,100,S
CDC5L,100,0,0,0,
PLRG1,0,100,0,100,S
C1D,0,100,0,100,S
POU4F1,100,0,0,0,
RCAN1,100,0,0,0,
SLK,100,0,0,0,
SEPT7,0,100,0,100,S
SMCR8,0,0,100,-100,S
TNFSF4,0,100,0,100,S
GAST,0,100,0,100,S
ABCA1,100,0,0,0,
MAP3K12,100,0,0,0,
MPO,100,0,0,0,
MTTP,0,100,0,100,S
BORA,100,0,0,0,
CRIPAK,0,100,0,100,S
APOB,100,0,0,0,
EFEMP2,100,0,0,0,
LOX,0,100,0,100,S
PTX3,0,100,0,100,S
CNKSR2,0,100,0,100,S
CCP110,0,0,100,-100,S
SEPT9,0,0,100,-100,S
CEP290,100,0,0,0,
NR2E3,0,100,0,100,S
DISC1,0,100,0,100,S
CLIP1,100,0,0,0,
TCF3,100,0,0,0,
ARF1,100,0,0,0,
PPM1M,0,0,100,-100,S
ACTB,100,0,0,0,
BCAR3,0,100,0,100,S
ARHGEF6,100,0,0,0,
ACTN1,100,0,0,0,
ASAP2,100,0,0,0,
ARHGAP24,100,0,0,0,
ARHGAP26,100,0,0,0,
ARPC2,100,0,0,0,
VCL,100,0,0,0,
TRIO,0,100,0,100,S
ARHGAP5,100,0,0,0,
VASP,100,0,0,0,
PARVA,0,0,100,-100,S
PTPRO,0,0,100,-100,S
ILKAP,0,0,100,-100,S
SLC9A1,100,0,0,0,
LPP,100,0,0,0,
NEDD9,100,0,0,0,
ZYX,100,0,0,0,
DAG1,100,0,0,0,
ELMO1,100,0,0,0,
ITGA5,100,0,0,0,
ASAP1,100,0,0,0,
TNS1,100,0,0,0,
PLD1,100,0,0,0,
DOCK1,100,0,0,0,
ITGB6,100,0,0,0,
ITGA6,100,0,0,0,
ITGAM,100,0,0,0,
ITGAE,100,0,0,0,
ITGA2,100,0,0,0,
ITGA1,100,0,0,0,
ITGB8,100,0,0,0,
ITGB2,100,0,0,0,
ITGB3,100,0,0,0,
ITGAL,100,0,0,0,
VAV3,100,0,0,0,
ITGAX,100,0,0,0,
ITGA8,100,0,0,0,
ITGAV,100,0,0,0,
ITGA9,100,0,0,0,
ITGA7,100,0,0,0,
ARHGAP35,100,0,0,0,
ITGB5,100,0,0,0,
RDX,100,0,0,0,
ITGB7,100,0,0,0,
ITGA4,100,0,0,0,
ITGA10,100,0,0,0,
ITGAD,100,0,0,0,
ITGA11,100,0,0,0,
THY1,100,0,0,0,
ITGA3,100,0,0,0,
IL2RA,100,0,0,0,
IL13RA2,100,0,0,0,
IL25,0,100,0,100,S
LAMA1,100,0,0,0,
PLG,100,0,0,0,
COL2A1,100,0,0,0,
LAMB1,0,100,0,100,S
DUSP18,0,100,0,100,S
ADAM9,0,100,0,100,S
VCAM1,0,100,0,100,S
ADAM15,100,0,0,0,
MADCAM1,0,100,0,100,S
LTF,100,0,0,0,
NTNG1,0,100,0,100,S
NTN3,0,100,0,100,S
RGMA,0,100,0,100,S
PTDSS1,0,100,0,100,S
NRP1,100,0,0,0,
PROCR,100,0,0,0,
COL5A3,0,100,0,100,S
TF,100,0,0,0,
HAS2,100,0,0,0,
CALR,100,0,0,0,S
COL18A1,100,0,0,0,
PROC,100,0,0,0,
SEMA5A,0,100,0,100,S
SEMA3E,0,100,0,100,S
NCAM1,0,100,0,100,S
GDF5,100,0,0,0,
HDC,0,100,0,100,S
AANAT,0,100,0,100,S
TPH1,0,100,0,100,S
HPGDS,0,100,0,100,S
FSHB,0,100,0,100,S
TRH,0,100,0,100,S
GHRH,0,100,0,100,S
GAD1,0,100,0,100,S
INHBB,0,100,0,100,S
LAMA5,0,100,0,100,S
TNFSF8,0,100,0,100,S
TNFSF18,0,100,0,100,S
TNFSF12,0,100,0,100,S
PVR,0,100,0,100,S
CD58,100,0,0,0,S
CCL18,0,100,0,100,S
CCL16,0,100,0,100,S
NECTIN3,0,100,0,100,S
HLA_E,100,0,0,0,
INHBC,0,100,0,100,S
CD48,0,100,0,100,S
NECTIN2,0,100,0,100,S
HLA_C,0,100,0,100,S
INHBE,0,100,0,100,S
DPP4,100,0,0,0,
ICOSLG,0,100,0,100,S
PDCD1LG2,0,100,0,100,S
COL4A1,0,100,0,100,S
HLA_A,0,100,0,100,S
MFAP5,0,0,100,-100,S
RNASE2,0,100,0,100,S
SPP1,0,100,0,100,S
TNC,100,0,0,0,S
ZG16B,0,100,0,100,S
A2M,100,0,0,0,S
ADAM23,0,100,0,100,S
ADAM2,0,100,0,100,S
BMP6,0,100,0,100,S
CCL28,0,100,0,100,S
CD24,0,100,0,100,S
CD34,0,100,0,100,S
CHAD,0,100,0,100,S
COL1A2,100,0,0,0,
COL5A1,100,0,0,0,
CYR61,0,100,0,100,S
DCN,0,0,100,-100,S
F7,0,100,0,100,S
F8,100,0,0,0,
F9,100,0,0,0,
GDF7,0,100,0,100,S
GDF9,0,100,0,100,S
GH2,0,100,0,100,S
GSTP1,100,0,0,0,
HLA_B,0,100,0,100,S
ICAM2,0,100,0,100,S
ICAM3,100,0,0,0,
ICAM4,0,100,0,100,S
ICAM5,0,100,0,100,S
IL16,100,0,0,0,
LAMA2,0,100,0,100,S
LAMB2,0,100,0,100,S
LAMC2,0,100,0,100,S
LEFTY2,0,100,0,100,S
LRPAP1,100,0,0,0,S
MMP12,0,100,0,100,S
NAMPT,0,100,0,100,S
NID1,0,100,0,100,S
NLGN1,0,100,0,100,S
NLGN2,0,100,0,100,S
NLGN3,0,100,0,100,S
PLXNA1,100,0,0,0,
CCN3,0,100,0,100,S
NPNT,0,100,0,100,S
NXPH3,0,100,0,100,S
PLAT,100,0,0,0,
PODXL2,0,100,0,100,S
PRND,0,100,0,100,S
PSAP,0,100,0,100,S
RAET1E,0,100,0,100,S
SEMA3B,0,100,0,100,S
SEMA6D,0,100,0,100,S
SERPINE1,100,0,0,0,
SERPINE2,0,100,0,100,S
SERPING1,0,100,0,100,S
SLIT3,0,100,0,100,S
SOST,100,0,0,0,S
TAC4,0,100,0,100,S
CD59,100,0,0,0,
ST6GAL1,0,0,100,-100,S
MICA,0,100,0,100,S
MICB,0,100,0,100,S
HLA_F,0,100,0,100,S
PECAM1,100,0,0,0,
GJB1,100,0,0,0,
PAK6,100,0,0,0,
CDK19,0,100,0,100,S
PHKA1,0,100,0,100,S
EPM2A,100,0,0,0,
DUSP14,0,0,100,-100,S
PHPT1,0,0,100,-100,S
PTP4A1,0,0,100,-100,S
PTPRU,0,0,100,-100,S
PTPRK,0,0,100,-100,S
PTPRM,0,100,0,100,S
CDC27,100,0,0,0,
ANAPC10,100,0,0,0,
FZR1,100,0,0,0,
CCNE1,100,0,0,0,
MAD1L1,100,0,0,0,
PA2G4,100,0,0,0,
NRIP1,100,0,0,0,
PAIP2,0,0,100,-100,S
PAN3,0,100,0,100,S
LIG1,100,0,0,0,
RPTOR,100,0,0,0,
ARID4A,100,0,0,0,
IBSP,0,100,0,100,S
USP6NL,100,0,0,0,S
MAGI1,0,100,0,100,S
ANGPTL3,0,0,100,-100,S
ANGPTL4,0,0,100,-100,S
GRK1,0,0,100,-100,S
BLK,100,0,0,0,
HTT,100,0,0,0,
CREBZF,0,100,0,100,S
EPS15,100,0,0,0,
KIR2DL3,100,0,0,0,
AP2A1,0,100,0,100,S
BLNK,100,0,0,0,
IBTK,100,0,0,0,
SH2D1A,100,0,0,0,
CARD19,0,0,100,-100,S
CUEDC2,0,0,100,-100,S
UBQLN1,0,100,0,100,S
MYLK3,0,100,0,100,S
HIPK4,0,100,0,100,S
FRK,0,0,100,-100,S
MYT1,100,0,0,0,
ENPEP,0,0,100,-100,S
ADAMTS1,0,100,0,100,S
MMP26,0,100,0,100,S
BCR,100,0,0,0,
KLK3,100,0,0,0,
FCGR3A,0,100,0,100,S
KLK2,100,0,0,0,
E4F1,100,0,0,0,
TASP1,0,100,0,100,S
BIRC8,0,0,100,-100,S
ECE1,0,100,0,100,S
PRR5,0,100,0,100,S
TTN,100,0,0,0,
WEE2,0,0,100,-100,S
NEK6,100,0,0,0,
GADD45G,100,0,0,0,S
CDS1,100,0,0,0,
KLK6,0,0,100,-100,S
NOP53,0,100,0,100,S
NBN,100,0,0,0,
SDC2,100,0,0,0,
EIF4B,100,0,0,0,
CSNK1G3,100,0,0,0,S
NHEJ1,0,100,0,100,S
DBF4,100,0,0,0,
CCNE2,100,0,0,0,S
CHKA,0,0,100,-100,S
MNAT1,0,100,0,100,S
CDX2,100,0,0,0,
PAK5,0,100,0,100,S
PLCG2,100,0,0,0,
F11R,100,0,0,0,
PLD2,100,0,0,0,
ARF6,100,0,0,0,
NRK,0,100,0,100,S
RIT1,100,0,0,0,
HLX,0,0,100,-100,S
NOS2,100,0,0,0,
NGFR,100,0,0,0,
CD81,0,100,0,100,S
HRG,0,100,0,100,S
NPY4R,100,0,0,0,
CDK16,100,0,0,0,
HIPK1,0,100,0,100,S
PHKG1,0,100,0,100,S
PHKG2,0,100,0,100,S
RNF14,0,0,100,-100,S
RAB5A,100,0,0,0,
GPSM1,0,0,100,-100,S
STXBP1,100,0,0,0,
ARL2,0,0,100,-100,S
CD9,100,0,0,0,S
CFI,0,0,100,-100,S
TIMP2,100,0,0,0,
CDC16,100,0,0,0,
LIG3,100,0,0,0,
IKZF2,0,100,0,100,S
TIMP3,100,0,0,0,
S100A4,100,0,0,0,
STAM2,100,0,0,0,
MCM3AP,0,100,0,100,S
IGFBP3,100,0,0,0,
TSG101,0,0,100,-100,S
RCC1,0,100,0,100,S
PLN,100,0,0,0,
UBE3A,100,0,0,0,S
SLC4A1,100,0,0,0,
NR0B1,0,0,100,-100,S
MED1,100,0,0,0,
NUP98,100,0,0,0,
DBF4B,0,100,0,100,S
TERF2,100,0,0,0,
C9,100,0,0,0,
RAN,100,0,0,0,
CD19,100,0,0,0,
MBP,100,0,0,0,
POLA2,0,100,0,100,S
SERPINF2,0,0,100,-100,S
SERPINA5,0,0,100,-100,S
AP2B1,100,0,0,0,
FBLN1,0,0,100,-100,S
FANCA,100,0,0,0,
NCF2,100,0,0,0,
IGBP1,0,100,0,100,S
RANGAP1,100,0,0,0,
KALRN,0,100,0,100,S
RANBP1,100,0,0,0,
CBLL1,0,100,0,100,S
TARDBP,0,0,100,-100,S
DNMT3L,100,0,0,0,
MTBP,0,100,0,100,S
CDT1,100,0,0,0,
ESRRA,100,0,0,0,
KHDRBS1,100,0,0,0,
TXNL4A,0,100,0,100,S
FANCI,100,0,0,0,
FANCE,100,0,0,0,
CCS,0,100,0,100,S
HSPA4,100,0,0,0,
SPDYA,0,100,0,100,S
AMFR,100,0,0,0,
RARRES3,0,100,0,100,S
UHRF2,0,0,100,-100,S
RNF41,100,0,0,0,
NHLRC1,0,0,100,-100,S
SYVN1,0,100,0,100,S
UBE2D1,100,0,0,0,
GTF2H3,100,0,0,0,
STX1A,100,0,0,0,
CD244,100,0,0,0,
SEPT4,0,0,100,-100,S
BCCIP,0,100,0,100,S
EIF2B1,100,0,0,0,
PARK7,100,0,0,0,
XPO5,0,100,0,100,S
HSPE1,0,0,100,-100,S
CLP1,0,100,0,100,S
SCAP,100,0,0,0,
UBE2E1,100,0,0,0,
EXOC4,0,100,0,100,S
CHN2,100,0,0,0,
ANAPC11,100,0,0,0,
MFN2,100,0,0,0,
ABHD5,0,100,0,100,S
MMP7,0,100,0,100,S
CDC23,100,0,0,0,
ANAPC4,100,0,0,0,
ANAPC5,100,0,0,0,
UNC5CL,0,0,100,-100,S
LRP1,100,0,0,0,
HAT1,0,100,0,100,S
STK36,100,0,0,0,
SAP18,100,0,0,0,
SIN3A,100,0,0,0,
RBL1,100,0,0,0,
SVIL,0,100,0,100,S
STRAP,100,0,0,0,
CITED1,100,0,0,0,
PEX10,0,0,100,-100,S
FANCG,100,0,0,0,
HEY2,0,0,100,-100,S
SAFB,0,0,100,-100,S
HDAC9,100,0,0,0,
TFDP2,100,0,0,0,S
GTF2H1,100,0,0,0,
ERCC3,100,0,0,0,
TIMP1,100,0,0,0,
C8A,0,100,0,100,S
B2M,0,100,0,100,S
ETFB,0,100,0,100,S
PHB,0,0,100,-100,S
PPM1G,0,100,0,100,S
PCSK9,100,0,0,0,S
PABPC1,100,0,0,0,
ARHGEF11,100,0,0,0,
UBB,100,0,0,0,
CRYAB,100,0,0,0,
CDC26,100,0,0,0,
CFB,100,0,0,0,
TP63,100,0,0,0,
MRAS,100,0,0,0,
NUDT21,100,0,0,0,
CCAR2,0,100,0,100,S
NECTIN1,100,0,0,0,
EIF1,0,100,0,100,S
EIF1AX,0,100,0,100,S
CHMP1A,0,0,100,-100,S
UBA1,100,0,0,0,
RAB3IP,0,100,0,100,S
NMNAT1,0,100,0,100,S
N4BP1,0,0,100,-100,S
PRTN3,0,100,0,100,S
SRPRB,100,0,0,0,
SOX9,100,0,0,0,
SRP68,100,0,0,0,
SOCS5,0,0,100,-100,S
NFATC1,100,0,0,0,
HES6,0,0,100,-100,S
CD3G,100,0,0,0,
CD3D,100,0,0,0,
CD8A,100,0,0,0,
DBNL,100,0,0,0,
RASGRP2,100,0,0,0,
WIPF1,100,0,0,0,
REPS2,0,0,100,-100,S
EPS15L1,0,100,0,100,S
PIK3R2,100,0,0,0,
FRS3,100,0,0,0,
STAMBP,0,100,0,100,S
ANAPC7,100,0,0,0,
CTBP2,0,0,100,-100,S
SFRP4,0,0,100,-100,S
PSMD2,0,100,0,100,S
HSP90B1,100,0,0,0,
ZMIZ1,0,100,0,100,S
GTF2H4,100,0,0,0,
GTF2H2,100,0,0,0,
SMARCC1,100,0,0,0,
STAT5B,100,0,0,0,
PDIA3,0,100,0,100,S
TSHR,100,0,0,0,
LAMA3,0,100,0,100,S
LAMB3,0,100,0,100,S
LAMC1,0,100,0,100,S
CD79B,100,0,0,0,
RRAS2,0,100,0,100,S
TCF7L2,100,0,0,0,
STRADB,0,100,0,100,S
RAB2A,0,100,0,100,S
RABAC1,0,0,100,-100,S
FCER1G,100,0,0,0,
IFIT1,100,0,0,0,
HFE,0,0,100,-100,S
GZMM,0,100,0,100,S
RGL2,0,100,0,100,S
MASP2,0,100,0,100,S
C1S,0,100,0,100,S
NOX1,100,0,0,0,
ADARB1,100,0,0,0,
ACTN4,100,0,0,0,
HSPBP1,0,0,100,-100,S
TYROBP,100,0,0,0,
KIR3DL1,100,0,0,0,
SMG9,0,0,100,-100,S
S100B,0,100,0,100,S
CA2,100,0,0,0,
CHP2,0,0,100,-100,S
SIKE1,0,0,100,-100,S
SOCS7,100,0,0,0,
TXNIP,0,100,0,100,S
C6,100,0,0,0,
LIPC,100,0,0,0,
LPL,100,0,0,0,
PCOLCE,0,100,0,100,S
ADAMTS4,100,0,0,0,
ANXA2,100,0,0,0,
PPP1R12A,100,0,0,0,
GNA15,100,0,0,0,
GNA14,100,0,0,0,
GRK7,0,0,100,-100,S
TRPC6,100,0,0,0,
TRPC7,100,0,0,0,
TRPV1,100,0,0,0,
TRPV2,100,0,0,0,
TRPV3,100,0,0,0,
TRPM1,100,0,0,0,
TRPM2,100,0,0,0,
TRPM8,100,0,0,0,
PKD2L1,100,0,0,0,
PKD2L2,100,0,0,0,
ZFP36,100,0,0,0,
OTX2,100,0,0,0,
HMX3,100,0,0,0,
OTX1,100,0,0,0,
DACH1,100,0,0,0,
TXNRD1,100,0,0,0,
CDKN1C,100,0,0,0,
AKR1B1,100,0,0,0,
PAX8,100,0,0,0,
SLC6A12,100,0,0,0,
SLC5A3,100,0,0,0,
CPSF3,100,0,0,0,
CSTF1,100,0,0,0,
RRM2,100,0,0,0,
ACIN1,100,0,0,0,
PRC1,100,0,0,0,
MCM6,100,0,0,0,
MCM4,100,0,0,0,
MCM5,100,0,0,0,
MCM2,100,0,0,0,
MCM3,100,0,0,0,
CDCA4,100,0,0,0,
MCM7,100,0,0,0,
MCM8,100,0,0,0,
POLI,100,0,0,0,
SEPT5,100,0,0,0,
E2F5,100,0,0,0,
HIST2H2AC,100,0,0,0,
SNCAIP,100,0,0,0,
ATXN2,100,0,0,0,
PNKP,100,0,0,0,
TRAP1,100,0,0,0,
UPF1,100,0,0,0,
PLCE1,100,0,0,0,
SPTAN1,100,0,0,0,
EIF4G3,100,0,0,0,
VIM,100,0,0,0,
AIFM1,100,0,0,0,
WHRN,100,0,0,0,
BARHL1,100,0,0,0,
ADCY6,100,0,0,0,
FOXI2,100,0,0,0,
PAX2,100,0,0,0,
CCNB1,100,0,0,0,
GBX2,100,0,0,0,
SLC26A5,100,0,0,0,
RAD51C,100,0,0,0,
FOXE3,100,0,0,0,
SHROOM3,100,0,0,0,
GMCL1,100,0,0,0,
ARPC1B,100,0,0,0,
BIK,100,0,0,0,
BCL2A1,100,0,0,0,
VDAC1,100,0,0,0,
RPL13A,100,0,0,0,
PPP2R3B,100,0,0,0,
MLST8,100,0,0,0,
RPS6,100,0,0,0,
MYL9,100,0,0,0,
ACTG1,100,0,0,0,
AIFM2,100,0,0,0,
ANLN,100,0,0,0,
ABCB1,100,0,0,0,
ACTA2,100,0,0,0,
ARID3A,100,0,0,0,
ADGRB1,100,0,0,0,
EED,100,0,0,0,
CBX5,100,0,0,0,
DNMT1,100,0,0,0,
CDC25B,100,0,0,0,
CDC25C,100,0,0,0,
GPX1,100,0,0,0,
GML,100,0,0,0,
PRDX4,100,0,0,0,
NQO1,100,0,0,0,
BCL2L14,100,0,0,0,
CCNK,100,0,0,0,
RGCC,100,0,0,0,
CD82,100,0,0,0,
CHMP4C,100,0,0,0,
CTSD,100,0,0,0,
CRYZ,100,0,0,0,
DDIT4,100,0,0,0,
CXCR6,100,0,0,0,
IL37,100,0,0,0,
IL33,100,0,0,0,
CHAF1B,100,0,0,0,
TNFRSF10C,100,0,0,0,
SUPT16H,100,0,0,0,
ISG20,100,0,0,0,
FDXR,100,0,0,0,
ENO1,100,0,0,0,
TIGAR,100,0,0,0,
TPI1,100,0,0,0,
ALDOA,100,0,0,0,
TPM1,100,0,0,0,
SMC3,100,0,0,0,
IGF2R,100,0,0,0,
HIST1H3H,100,0,0,0,
MYL12A,100,0,0,0,
DAP,100,0,0,0,
MYL5,100,0,0,0,
EIF2S2,100,0,0,0,
EIF2S3,100,0,0,0,
TYRP1,100,0,0,0,
UBD,100,0,0,0,
H2AFZ,100,0,0,0,
VCAN,100,0,0,0,
TRIAP1,100,0,0,0,
TRIM22,100,0,0,0,
CRMP1,100,0,0,0,
HIST1H2BJ,100,0,0,0,
RAD51,100,0,0,0,
GYS1,100,0,0,0,
NOS3,100,0,0,0,
PLAGL1,100,0,0,0,
ODC1,100,0,0,0,
PERP,100,0,0,0,
P2RX6,100,0,0,0,
ALDH1A1,100,0,0,0,
RABGGTA,100,0,0,0,
PPM1J,100,0,0,0,
SERPINB5,100,0,0,0,
SESN1,100,0,0,0,
RPS27L,100,0,0,0,
S100A2,100,0,0,0,
SCN3B,100,0,0,0,
SCD,100,0,0,0,
STEAP3,100,0,0,0,
SLC38A2,100,0,0,0,
TAP1,100,0,0,0,
ASAH2B,100,0,0,0,
JMY,100,0,0,0,
RFWD3,100,0,0,0,
WASL,100,0,0,0,
YTHDC1,100,0,0,0,
ZDHHC16,100,0,0,0,
RAD21,100,0,0,0,
RELB,100,0,0,0,
TBC1D1,100,0,0,0,
TBC1D4,100,0,0,0,
APTX,100,0,0,0,
CXCR3,100,0,0,0,
HIST1H1A,100,0,0,0,
SP7,100,0,0,0,
RIOX2,100,0,0,0,
ELK3,100,0,0,0,
CLTC,100,0,0,0,
GORASP1,100,0,0,0,
AMBRA1,100,0,0,0,
ATG9A,100,0,0,0,
ENDOG,100,0,0,0,
GOLGA3,100,0,0,0,
LMNA,100,0,0,0,
HSPA8,100,0,0,0,
LGALS3,100,0,0,0,
RNF144B,100,0,0,0,
KRT8,100,0,0,0,
CUL2,100,0,0,0,
ACTA1,100,0,0,0,
REL,100,0,0,0,
MYCBP,100,0,0,0,
TERT,100,0,0,0,
UXT,100,0,0,0,
TERF1,100,0,0,0,
TERF2IP,100,0,0,0,
TINF2,100,0,0,0,
TUBA4B,100,0,0,0,
HIST1H1E,100,0,0,0,
FOXO4,100,0,0,0,
SCP2,100,0,0,0,
G6PC,100,0,0,0,
TAF10,100,0,0,0,
DFFB,100,0,0,0,
SRSF1,100,0,0,0,
NABP2,100,0,0,0,
RETNLB,100,0,0,0,
CLEC7A,100,0,0,0,
CHIA,100,0,0,0,
NFIL3,100,0,0,0,
IRGC,100,0,0,0,
POLR1B,100,0,0,0,
EIF2S1,100,0,0,0,
ERN2,100,0,0,0,
SLC7A1,100,0,0,0,
HAVCR1,100,0,0,0,
ATF6,100,0,0,0,
GBGT1,100,0,0,0,
SYT11,100,0,0,0,
GPR37,100,0,0,0,
AIMP2,100,0,0,0,
ZFP36L1,100,0,0,0,
CHD1L,100,0,0,0,
HIST1H2BD,100,0,0,0,
DNMT3B,100,0,0,0,
DNMT3A,100,0,0,0,
CCPG1,100,0,0,0,
HOXC6,100,0,0,0,
HOXC8,100,0,0,0,
HOXC9,100,0,0,0,
TRIM63,100,0,0,0,
HMGB2,100,0,0,0,
IRF8,100,0,0,0,
SUZ12,100,0,0,0,
SSRP1,100,0,0,0,
IGFBP1,100,0,0,0,
AVEN,100,0,0,0,
SLC2A4,100,0,0,0,
SERBP1,100,0,0,0,
STAG2,100,0,0,0,
SMARCC2,100,0,0,0,
HNRNPC,100,0,0,0,
HNRNPU,100,0,0,0,
POLB,100,0,0,0,
NEIL1,100,0,0,0,
NEIL2,100,0,0,0,
LIME1,100,0,0,0,
UBE2B,100,0,0,0,
CIT,100,0,0,0,
ACTC1,100,0,0,0,
SGO1,100,0,0,0,
CNTROB,100,0,0,0,
NKX2_1,100,0,0,0,
CSTF2,100,0,0,0,
ORM1,100,0,0,0,
PBRM1,100,0,0,0,
EPAS1,100,0,0,0,
EVI5,100,0,0,0,
CHAF1A,100,0,0,0,
POLA1,100,0,0,0,
SMC1A,100,0,0,0,
MARCH7,100,0,0,0,
TACC2,100,0,0,0,
CHRNA1,100,0,0,0,
SCN1A,100,0,0,0,
SCN2A,100,0,0,0,
SCN3A,100,0,0,0,
CHD3,100,0,0,0,
CDC6,100,0,0,0,
NFYB,100,0,0,0,
CYP3A4,100,0,0,0,
CYP2B6,100,0,0,0,
CYP2C9,100,0,0,0,
GTSE1,100,0,0,0,
CENPE,100,0,0,0,
CENPA,100,0,0,0,
POLR2L,100,0,0,0,
TCEA2,100,0,0,0,
ERCC1,100,0,0,0,
ERCC4,100,0,0,0,
POLK,100,0,0,0,
CENPF,100,0,0,0,
XAB2,100,0,0,0,
MYH10,100,0,0,0,
CCNO,100,0,0,0,
CDCA8,100,0,0,0,
NDC80,100,0,0,0,
VEZT,100,0,0,0,
USH2A,100,0,0,0,
TOP2A,100,0,0,0,
CYP3A5,100,0,0,0,
ANO7,100,0,0,0,
MME,100,0,0,0,
KLK4,100,0,0,0,
SARG,100,0,0,0,
ACPP,100,0,0,0,
WISP2,100,0,0,0,
STEAP4,100,0,0,0,
TMPRSS2,100,0,0,0,
CDC45,100,0,0,0,
MAPT,100,0,0,0,
ELF4,100,0,0,0,
NKX2_5,100,0,0,0,
AFP,100,0,0,0,
CEP164,100,0,0,0,
UBE2V2,100,0,0,0,
DCLRE1A,100,0,0,0,
EXO1,100,0,0,0,
CCDC65,100,0,0,0,
NKX6_1,100,0,0,0,
ARNT2,100,0,0,0,
GOLPH3,100,0,0,0,
PSMA7,100,0,0,0,
PLSCR1,100,0,0,0,
HCLS1,100,0,0,0,
AJUBA,100,0,0,0,
TACC1,100,0,0,0,
KIF11,100,0,0,0,
CPEB1,100,0,0,0,
TPX2,100,0,0,0,
MAP9,100,0,0,0,
CHRNB1,100,0,0,0,
CAT,100,0,0,0,
APBA1,100,0,0,0,
SNAP25,100,0,0,0,
ADCY7,100,0,0,0,
HOXA7,100,0,0,0,
SLC47A1,100,0,0,0,
SLU7,100,0,0,0,
GCNT1,100,0,0,0,
LHX4,100,0,0,0,
KLF8,100,0,0,0,
HOXA9,100,0,0,0,
PADI3,100,0,0,0,
CBS,100,0,0,0,
LHCGR,100,0,0,0,
MGST1,100,0,0,0,
DPYD,100,0,0,0,
CEP250,100,0,0,0,
ATP2C1,100,0,0,0,
SLC6A3,100,0,0,0,
ABCC3,100,0,0,0,
KIF23,100,0,0,0,
REC8,100,0,0,0,
KIF2C,100,0,0,0,
DES,100,0,0,0,
WASF2,100,0,0,0,
PCBP4,100,0,0,0,
RGS16,100,0,0,0,
WASF3,100,0,0,0,
TRIP10,100,0,0,0,
SYNJ2,100,0,0,0,
SORBS3,100,0,0,0,
SORBS2,100,0,0,0,
SLC22A18,100,0,0,0,
PRNP,100,0,0,0,
LDHC,100,0,0,0,
RAPH1,100,0,0,0,
BRD7,100,0,0,0,
KCTD10,100,0,0,0,
TP53I3,100,0,0,0,
REV3L,100,0,0,0,
P4HA2,100,0,0,0,
EIF4A1,100,0,0,0,
TNFRSF10D,100,0,0,0,
DBI,100,0,0,0,
MT2A,100,0,0,0,
SMS,100,0,0,0,
SCNN1A,100,0,0,0,
PFKFB1,100,0,0,0,
CA3,100,0,0,0,
DDC,100,0,0,0,
PGC,100,0,0,0,
ZNF652,100,0,0,0,
EBAG9,100,0,0,0,
TFF1,100,0,0,0,
INA,100,0,0,0,
XBP1,100,0,0,0,
FAM102A,100,0,0,0,
SLC2A1,100,0,0,0,
B4GALT1,100,0,0,0,
IGFBP4,100,0,0,0,
TSKU,100,0,0,0,
CSN2,100,0,0,0,
SMARCA1,100,0,0,0,
CD97,100,0,0,0,
SOD3,100,0,0,0,
ENTPD1,100,0,0,0,
TAF1A,100,0,0,0,
SLC11A1,100,0,0,0,
SLC25A1,100,0,0,0,
CD2AP,100,0,0,0,
MUS81,100,0,0,0,
PDCD1,100,0,0,0,
APBB1,100,0,0,0,
CD79A,100,0,0,0,
NDEL1,100,0,0,0,
LYZ,100,0,0,0,
TSNAX,100,0,0,0,
UNG,100,0,0,0,
SMC6,100,0,0,0,
ADH4,100,0,0,0,
PRDX6,100,0,0,0,
ALDH1A2,100,0,0,0,
ADH1A,100,0,0,0,
GCLC,100,0,0,0,
MAP2,100,0,0,0,
MAP4,100,0,0,0,
TNFRSF9,100,0,0,0,
LBP,100,0,0,0,
SIX3,100,0,0,0,
TP53TG5,100,0,0,0,
OSGIN1,100,0,0,0,
GCLM,100,0,0,0,
TRAF4,100,0,0,0,
CD27,100,0,0,0,
CCNG1,100,0,0,0,
LGI3,100,0,0,0,
TFAM,100,0,0,0,
HAX1,100,0,0,0,
POLD4,100,0,0,0,
MMP15,100,0,0,0,
SCG2,100,0,0,0,
MYL1,100,0,0,0,
ATMIN,100,0,0,0,
FAN1,100,0,0,0,
OGG1,100,0,0,0,
RRM1,100,0,0,0,
GCK,100,0,0,0,
SMARCA5,100,0,0,0,
COPS2,100,0,0,0,
MNT,100,0,0,0,
MAGED1,100,0,0,0,
IL1R2,100,0,0,0,
RECQL,100,0,0,0,
NCF1,100,0,0,0,
HABP4,100,0,0,0,
AIM2,100,0,0,0,
INPP5D,100,0,0,0,
CCR10,100,0,0,0,
ATXN1,100,0,0,0,
PDCD4,100,0,0,0,
HHIP,100,0,0,0,
CCR7,100,0,0,0,
IL22RA2,100,0,0,0,
CAV2,100,0,0,0,
CD22,100,0,0,0,
XCR1,100,0,0,0,
IRF9,100,0,0,0,
PLCB3,100,0,0,0,
TRIP6,100,0,0,0,
ACKR2,100,0,0,0,
Q59FG4,100,0,0,0,
ELF3,100,0,0,0,
ENG,100,0,0,0,
CCR1,100,0,0,0,
CCRL2,100,0,0,0,
CCR2,100,0,0,0,
TNS2,100,0,0,0,
ACKR4,100,0,0,0,
STAM,100,0,0,0,
CXCR2,100,0,0,0,
CXCR1,100,0,0,0,
FSCN1,100,0,0,0,
IL18R1,100,0,0,0,
METTL1,100,0,0,0,
CUL3,100,0,0,0,
PITX2,100,0,0,0,
ALPP,100,0,0,0,
NGEF,100,0,0,0,
NR5A2,100,0,0,0,
SNAI1,100,0,0,0,
MS4A2,100,0,0,0,
STAP2,100,0,0,0,
BOC,100,0,0,0,
SIT1,100,0,0,0,
PFKFB2,100,0,0,0,
CTLA4,100,0,0,0,
CX3CR1,100,0,0,0,
IRAK2,100,0,0,0,
OPTN,100,0,0,0,
ALPL,100,0,0,0,
ESRRG,100,0,0,0,
TLE1,100,0,0,0,
CCR6,100,0,0,0,
CCR4,100,0,0,0,
NFATC4,100,0,0,0,
CYC1,100,0,0,0,
ADCY1,100,0,0,0,
NLRP3,100,0,0,0,
CCR8,100,0,0,0,
AZI2,100,0,0,0,
PFKFB3,100,0,0,0,
CDH5,100,0,0,0,
PPIA,100,0,0,0,
SHC2,100,0,0,0,
ANXA5,100,0,0,0,
DEDD,100,0,0,0,
GLMN,100,0,0,0,
MEF2D,100,0,0,0,
EIF3I,100,0,0,0,
FCGR2A,100,0,0,0,
VIL1,100,0,0,0,
PGM1,100,0,0,0,
SIRPA,100,0,0,0,
HEY1,100,0,0,0,
GORASP2,100,0,0,0,
ACKR3,100,0,0,0,
CALCRL,100,0,0,0,
RAMP2,100,0,0,0,
RAMP1,100,0,0,0,
CALCR,100,0,0,0,
C3AR1,100,0,0,0,
C5AR1,100,0,0,0,
C5AR2,100,0,0,0,
CMKLR1,100,0,0,0,
CRHR1,100,0,0,0,
CRHR2,100,0,0,0,
CXCR5,100,0,0,0,
EDAR,100,0,0,0,
EDA2R,100,0,0,0,
FPR3,100,0,0,0,
GIPR,100,0,0,0,
GLP1R,100,0,0,0,
GLP2R,100,0,0,0,
GCGR,100,0,0,0,
NPR1,100,0,0,0,
NPR2,100,0,0,0,
LGR4,100,0,0,0,
LGR5,100,0,0,0,
NPBWR2,100,0,0,0,
NPSR1,100,0,0,0,
NTSR1,100,0,0,0,
NTSR2,100,0,0,0,
ADCYAP1R1,100,0,0,0,
PROKR2,100,0,0,0,
QRFPR,100,0,0,0,
RXFP1,100,0,0,0,
RXFP2,100,0,0,0,
RXFP3,100,0,0,0,
RXFP4,100,0,0,0,
SCTR,100,0,0,0,
VIPR1,100,0,0,0,
VIPR2,100,0,0,0,
NPY2R,100,0,0,0,
NPY5R,100,0,0,0,
GRIA1,100,0,0,0,
KCNJ3,100,0,0,0,
RAB3A,100,0,0,0,
ATP2B1,100,0,0,0,
PLCB1,100,0,0,0,
ADCY2,100,0,0,0,
CACNA1B,100,0,0,0,
MYO18A,100,0,0,0,
EEF2,100,0,0,0,
MEF2B,100,0,0,0,
DNM1,100,0,0,0,
GAP43,100,0,0,0,
KCNA2,100,0,0,0,
KCNA1,100,0,0,0,
CACNA1C,100,0,0,0,
CACNA1E,100,0,0,0,
TBR1,100,0,0,0,
PLAA,100,0,0,0,
ACTN3,100,0,0,0,
GLRA1,100,0,0,0,
GABRA1,100,0,0,0,
CD38,100,0,0,0,
KCND2,100,0,0,0,
NFASC,100,0,0,0,
KCND1,100,0,0,0,
EEF1A2,100,0,0,0,
GRIK1,100,0,0,0,
CACNA1A,100,0,0,0,
RYR1,100,0,0,0,
NEFH,100,0,0,0,
NEFM,100,0,0,0,
SPTBN2,100,0,0,0,
ADD1,100,0,0,0,
CAPZB,100,0,0,0,
SRPRA,100,0,0,0,
VAPA,100,0,0,0,
PDE1A,100,0,0,0,
PDE1B,100,0,0,0,
PDE1C,100,0,0,0,
PDE3A,100,0,0,0,
PDE3B,100,0,0,0,
PDE4D,100,0,0,0,
PDE5A,100,0,0,0,
PIP4K2A,100,0,0,0,
DGUOK,100,0,0,0,
MAP1A,100,0,0,0,
KCNJ4,100,0,0,0,
GTF2B,100,0,0,0,
CLTA,100,0,0,0,
DLG3,100,0,0,0,
CFTR,100,0,0,0,
GSTA1,100,0,0,0,
VAMP1,100,0,0,0,
MUC5AC,100,0,0,0,
NLRP2,100,0,0,0,
DEFB4A,100,0,0,0,
DEFB104A,100,0,0,0,
DEFA5,100,0,0,0,
PSMB10,100,0,0,0,
GAS2,100,0,0,0,
SF3B1,100,0,0,0,
POLR2A,100,0,0,0,
PLAG1,100,0,0,0,
SUPT5H,100,0,0,0,
KCNA3,100,0,0,0,
EMD,100,0,0,0,
CHAT,100,0,0,0,
GPC1,100,0,0,0,
MYOG,100,0,0,0,
ELN,100,0,0,0,
CETN2,100,0,0,0,
ZEB2,100,0,0,0,
CRX,100,0,0,0,
SOX10,100,0,0,0,
HK1,100,0,0,0,
NEFL,100,0,0,0,
CORO1A,100,0,0,0,
RBM4,100,0,0,0,
SRY,100,0,0,0,
UNC5C,100,0,0,0,
FOXO6,100,0,0,0,
GNAT2,100,0,0,0,
WASHC1,100,0,0,0,
LDHA,100,0,0,0,
RAB8A,100,0,0,0,
SMARCD3,100,0,0,0,
TNFAIP1,100,0,0,0,
CDH4,100,0,0,0,
TRIOBP,100,0,0,0,
SMN1,100,0,0,0,
TFCP2,100,0,0,0,
RPS19,100,0,0,0,
EWSR1,100,0,0,0,
NR4A2,100,0,0,0,
TOB1,100,0,0,0,
ETV1,100,0,0,0,
BCKDHA,100,0,0,0,
GFPT1,100,0,0,0,
SEC16B,100,0,0,0,
SIGLEC10,100,0,0,0,
TNS3,100,0,0,0,
TNFAIP8,100,0,0,0,
CD163,100,0,0,0,
SKAP1,100,0,0,0,
ZC3HC1,100,0,0,0,
FANCF,100,0,0,0,
GSDMD,100,0,0,0,
GJA1,100,0,0,0,
GTF2A1,100,0,0,0,
STRADA,100,0,0,0,
CEACAM1,100,0,0,0,
CTDP1,100,0,0,0,
ADD2,100,0,0,0,
ATP2A2,100,0,0,0,
PRH1,100,0,0,0,
RBM8A,100,0,0,0,
NINL,100,0,0,0,
ELL,100,0,0,0,
TGFBR3,100,0,0,0,
SCN11A,100,0,0,0,
CRTC1,100,0,0,0,
SLC12A2,100,0,0,0,
IREB2,100,0,0,0,
CTPS1,100,0,0,0,
CD5,100,0,0,0,
ANP32B,100,0,0,0,
LPIN1,100,0,0,0,
CEP55,100,0,0,0,
GNAL,100,0,0,0,
PDCL,100,0,0,0,
AMPH,100,0,0,0,
TH,100,0,0,0,
TK1,100,0,0,0,
MXI1,100,0,0,0,
CD44,100,0,0,0,
BHLHE41,100,0,0,0,
PDE4C,100,0,0,0,
CNBP,100,0,0,0,
GRIA4,100,0,0,0,
KIZ,100,0,0,0,
PIKFYVE,100,0,0,0,
CNTRL,100,0,0,0,
MYBPC3,100,0,0,0,
PLEK,100,0,0,0,
SCN8A,100,0,0,0,
ERF,100,0,0,0,
COIL,100,0,0,0,
LINGO1,100,0,0,0,
VLDLR,100,0,0,0,
LIN9,100,0,0,0,
LBR,100,0,0,0,
H3F3B,100,0,0,0,
TTC3,100,0,0,0,
DEK,100,0,0,0,
BANF1,100,0,0,0,
DDX3X,100,0,0,0,
ABI2,100,0,0,0,
CD47,100,0,0,0,
OCLN,100,0,0,0,
PITPNM1,100,0,0,0,
SELE,100,0,0,0,
SELP,100,0,0,0,
HNRNPA1,100,0,0,0,
RPS3,100,0,0,0,
CDCA7,100,0,0,0,
MAFA,100,0,0,0,
NOX5,100,0,0,0,
FOXP3,100,0,0,0,
COL5A2,100,0,0,0,
ZFPM1,100,0,0,0,
CDC37,100,0,0,0,
MPZ,100,0,0,0,
EPRS,100,0,0,0,
MARK4,100,0,0,0,
DEPTOR,100,0,0,0,
DOK5,100,0,0,0,
MPLKIP,100,0,0,0,
PLA2G4A,100,0,0,0,
LRP4,100,0,0,0,
LBX1,100,0,0,0,
TNFRSF11B,100,0,0,0,
TNFRSF14,100,0,0,0,
EIF2B5,100,0,0,0,
RHOB,100,0,0,0,
CALD1,100,0,0,0,
CREB3L2,100,0,0,0,
TTF1,100,0,0,0,
NUP50,100,0,0,0,
SSB,100,0,0,0,
AQP9,100,0,0,0,
PGAM1,100,0,0,0,
CA9,100,0,0,0,
TPT1,100,0,0,0,
SPAG5,100,0,0,0,
SNCB,100,0,0,0,
TUBA4A,100,0,0,0,
TUBA8,100,0,0,0,
SCN4A,100,0,0,0,
LILRB1,100,0,0,0,
MARK3,100,0,0,0,
GRIK2,100,0,0,0,
STMN2,100,0,0,0,
MBD3,100,0,0,0,
EIF4ENIF1,100,0,0,0,
SMPD1,100,0,0,0,
GPSM2,100,0,0,0,
TBCB,100,0,0,0,
TUBB6,100,0,0,0,
PLAGL2,100,0,0,0,
TUBB4B,100,0,0,0,
NFATC3,100,0,0,0,
TUBD1,100,0,0,0,
CYP19A1,100,0,0,0,
MED12,100,0,0,0,
LASP1,100,0,0,0,
NFYC,100,0,0,0,
PLEC,100,0,0,0,
GLRB,100,0,0,0,
POU3F1,100,0,0,0,
ETV5,100,0,0,0,
MYL12B,100,0,0,0,
UTRN,100,0,0,0,
DNM1L,100,0,0,0,
IKZF1,100,0,0,0,
KCNJ11,100,0,0,0,
NRXN1,100,0,0,0,
NRXN3,100,0,0,0,
MAZ,100,0,0,0,
PTPRS,100,0,0,0,
HSPA9,100,0,0,0,
SDHB,100,0,0,0,
KCNJ1,100,0,0,0,
CHRNA7,100,0,0,0,
LIG4,100,0,0,0,
HSF2,100,0,0,0,
CIC,100,0,0,0,
KCNK3,100,0,0,0,
NFE2L1,100,0,0,0,
ZNHIT1,100,0,0,0,
F3,100,0,0,0,
MAFB,100,0,0,0,
PHOX2B,100,0,0,0,
TNFRSF13B,100,0,0,0,
CLTCL1,100,0,0,0,
PTH2R,100,0,0,0,
TNFRSF6B,100,0,0,0,
IRF2,100,0,0,0,
SLAMF1,100,0,0,0,
MLXIPL,100,0,0,0,
PAX9,100,0,0,0,
THOC5,100,0,0,0,
TUBB3,100,0,0,0,
KLRK1,100,0,0,0,
KCNN4,100,0,0,0,
TNFRSF17,100,0,0,0,
MYOM2,100,0,0,0,
CD33,100,0,0,0,
MED28,100,0,0,0,
PINX1,100,0,0,0,
SH3GL1,100,0,0,0,
SNRK,100,0,0,0,
PIK3C2B,100,0,0,0,
MSN,100,0,0,0,
MPRIP,100,0,0,0,
NSFL1C,100,0,0,0,
PPP1R14C,100,0,0,0,
ATN1,100,0,0,0,
RRN3,100,0,0,0,
CORO1B,100,0,0,0,
CCNT1,100,0,0,0,
FOXK2,100,0,0,0,
SPTBN1,100,0,0,0,
PDHA2,100,0,0,0,
CAD,100,0,0,0,
PTRH2,100,0,0,0,
GOLGA2,100,0,0,0,
KCNN2,100,0,0,0,
SH2B3,100,0,0,0,
RBSN,100,0,0,0,
NDE1,100,0,0,0,
KCNH2,100,0,0,0,
GPHN,100,0,0,0,
PDHA1,100,0,0,0,
UBTF,100,0,0,0,
GBF1,100,0,0,0,
WWC1,100,0,0,0,
G6PD,100,0,0,0,
MXD1,100,0,0,0,
EDF1,100,0,0,0,
NPY1R,100,0,0,0,
CIR1,100,0,0,0,
SLC6A4,100,0,0,0,
SYN3,100,0,0,0,
PLXNB1,100,0,0,0,
RPLP2,100,0,0,0,
NOXO1,100,0,0,0,
SCN5A,100,0,0,0,
UNC5A,100,0,0,0,
CDH3,100,0,0,0,
HDAC8,100,0,0,0,
ARHGEF4,100,0,0,0,
PLA2G1B,100,0,0,0,
AQP1,100,0,0,0,
TUBB2A,100,0,0,0,
NRP2,100,0,0,0,
TUBG1,100,0,0,0,
DGKA,100,0,0,0,
GFRA1,100,0,0,0,
KCNJ13,100,0,0,0,
KDELR1,100,0,0,0,
AKAP13,100,0,0,0,
DCTN1,100,0,0,0,
MPZL1,100,0,0,0,
UBR5,100,0,0,0,
TBC1D25,100,0,0,0,
RHOC,100,0,0,0,
ZNF622,100,0,0,0,
SEC16A,100,0,0,0,
DSTN,100,0,0,0,
NCF4,100,0,0,0,
GIT2,100,0,0,0,
SLC4A3,100,0,0,0,
FOXL2,100,0,0,0,
KLC1,100,0,0,0,
MAGEA11,100,0,0,0,
GJA5,100,0,0,0,
FHOD1,100,0,0,0,
EFL1,100,0,0,0,
GLIS2,100,0,0,0,
KCNB1,100,0,0,0,
DOK6,100,0,0,0,
POLD3,100,0,0,0,
ARHGDIB,100,0,0,0,
PI4KB,100,0,0,0,
SYNJ1,100,0,0,0,
TUBA3C,100,0,0,0,
TUBA3D,100,0,0,0,
TUBA3E,100,0,0,0,
TUBB8,100,0,0,0,
TUBA1C,100,0,0,0,
TUBB2B,100,0,0,0,
TUBB4A,100,0,0,0,
TUBB1,100,0,0,0,
APOBEC3G,100,0,0,0,
RBM38,100,0,0,0,
KARS,100,0,0,0,
PDE10A,100,0,0,0,
PDCD5,100,0,0,0,
BCL2L12,100,0,0,0,
TPH2,100,0,0,0,
RAB11FIP2,100,0,0,0,
KCNK9,100,0,0,0,
CORO1C,100,0,0,0,
HSPB8,100,0,0,0,
HIST1H2BB,100,0,0,0,
BAG3,100,0,0,0,
HCN4,100,0,0,0,
ETV6,100,0,0,0,
NCKIPSD,100,0,0,0,
DYNLRB1,100,0,0,0,
ARFIP1,100,0,0,0,
CCT2,100,0,0,0,
PLXNA2,100,0,0,0,
KCNC4,100,0,0,0,
IDH2,100,0,0,0,
ACACA,100,0,0,0,
LIPE,100,0,0,0,
NUSAP1,100,0,0,0,
FYB1,100,0,0,0,
GRIN2B,100,0,0,0,
ORC1,100,0,0,0,
AGAP2,100,0,0,0,
COL4A3BP,100,0,0,0,
CETN3,100,0,0,0,
ACO1,100,0,0,0,
TYR,100,0,0,0,
KLF5,100,0,0,0,
PLSCR3,100,0,0,0,
CCDC6,100,0,0,0,
ORC2,100,0,0,0,
SLC12A6,100,0,0,0,
TENT2,100,0,0,0,
PDE6G,100,0,0,0,
PIP4K2B,100,0,0,0,
PHF20,100,0,0,0,
KLF13,100,0,0,0,
RIF1,100,0,0,0,
ZNF148,100,0,0,0,
NPHP1,100,0,0,0,
MAPK4,100,0,0,0,
DPYSL3,100,0,0,0,
CYBB,100,0,0,0,
CCDC88C,100,0,0,0,
DOCK7,100,0,0,0,
SYNCRIP,100,0,0,0,
DCX,100,0,0,0,
AGO2,100,0,0,0,
FXYD1,100,0,0,0,
XRN2,100,0,0,0,
TPM3,100,0,0,0,
CYP1A1,100,0,0,0,
TG,100,0,0,0,
ISL1,100,0,0,0,
HOXB9,100,0,0,0,
CUX1,100,0,0,0,
ZNF692,100,0,0,0,
TBX3,100,0,0,0,
LCAT,100,0,0,0,
HNRNPL,100,0,0,0,
STXBP2,100,0,0,0,
LHX2,100,0,0,0,
MYH9,100,0,0,0,
RNF7,100,0,0,0,
NHLH2,100,0,0,0,
PCYT1A,100,0,0,0,
TFEB,100,0,0,0,
MYBL1,100,0,0,0,
ATXN10,100,0,0,0,
NUDC,100,0,0,0,
MSTN,100,0,0,0,
HHEX,100,0,0,0,
VCPKMT,100,0,0,0,
KIF2B,100,0,0,0,
PIP5K1B,100,0,0,0,
STARD10,100,0,0,0,
VAMP4,100,0,0,0,
PIP5K1C,100,0,0,0,
PTS,100,0,0,0,
ADCY3,100,0,0,0,
FBXO4,100,0,0,0,
DSP,100,0,0,0,
PDCD10,100,0,0,0,
DSN1,100,0,0,0,
GATA6,100,0,0,0,
OSBP,100,0,0,0,
SULT4A1,100,0,0,0,
NXF1,100,0,0,0,
ALYREF,100,0,0,0,
UGT2B7,100,0,0,0,
SCN9A,100,0,0,0,
MAPRE1,100,0,0,0,
GCH1,100,0,0,0,
EIF2B2,100,0,0,0,
EIF2B3,100,0,0,0,
GUCY2C,100,0,0,0,
MSR1,100,0,0,0,
PIK3C2A,100,0,0,0,
CBX3,100,0,0,0,
EEF1D,100,0,0,0,
ITGB3BP,100,0,0,0,
HOXA1,100,0,0,0,
OSMR,100,0,0,0,
PHOX2A,100,0,0,0,
NFIA,100,0,0,0,
CAPZA1,100,0,0,0,
PPP1R12C,100,0,0,0,
IL17RA,100,0,0,0,
IL17RB,100,0,0,0,
IL27RA,100,0,0,0,
ACACB,100,0,0,0,
PRKAG3,100,0,0,0,
HIRA,100,0,0,0,
CROCC,100,0,0,0,
RND3,100,0,0,0,
NDRG2,100,0,0,0,
EIF2B4,100,0,0,0,
CENPU,100,0,0,0,
GFRA2,100,0,0,0,
PCNT,100,0,0,0,
FHOD3,100,0,0,0,
ASCL1,100,0,0,0,
NEK7,100,0,0,0,
ABCC1,100,0,0,0,
CCR9,100,0,0,0,
ERCC6L,100,0,0,0,
SEPT2,100,0,0,0,
SEPT6,100,0,0,0,
ZNF382,100,0,0,0,
BICD2,100,0,0,0,
GTF2A2,100,0,0,0,
KLRC1,100,0,0,0,
KREMEN1,100,0,0,0,
SPHK1,100,0,0,0,
PTGES3,100,0,0,0,
KIF5B,100,0,0,0,
UBE2R2,100,0,0,0,
CKAP2,100,0,0,0,
APLP2,100,0,0,0,
MNX1,100,0,0,0,
EXOC7,100,0,0,0,
NFIC,100,0,0,0,
NFIX,100,0,0,0,
ISCU,100,0,0,0,
NACA,100,0,0,0,
DUOX1,100,0,0,0,
ENOX2,100,0,0,0,
SCN10A,100,0,0,0,
MXD3,100,0,0,0,
HK2,100,0,0,0,
CNTFR,100,0,0,0,
GFRA4,100,0,0,0,
AP1M1,100,0,0,0,
SPTLC1,100,0,0,0,
RAB4A,100,0,0,0,
SORL1,100,0,0,0,
GFRA3,100,0,0,0,
TDP1,100,0,0,0,
MAPRE3,100,0,0,0,
PPP1R9B,100,0,0,0,
ETS2,100,0,0,0,
SRSF2,100,0,0,0,
DICER1,100,0,0,0,
KIF22,100,0,0,0,
KLF1,100,0,0,0,
CTPS2,100,0,0,0,
EXOSC9,100,0,0,0,
SON,100,0,0,0,
TTI1,100,0,0,0,
CETN1,100,0,0,0,
PIP5K1A,100,0,0,0,
TFRC,100,0,0,0,
MN1,100,0,0,0,
CENPJ,100,0,0,0,
MARCO,100,0,0,0,
KIR2DL4,100,0,0,0,
ISL2,100,0,0,0,
MGLL,100,0,0,0,
MYL6B,100,0,0,0,
ATP6AP2,100,0,0,0,
PRPF3,100,0,0,0,
CBX1,100,0,0,0,
EEA1,100,0,0,0,
PLEKHG6,100,0,0,0,
FLII,100,0,0,0,
KLC2,100,0,0,0,
LCP1,100,0,0,0,
ATRN,100,0,0,0,
SHOX,100,0,0,0,
TAF15,100,0,0,0,
CREB3L1,100,0,0,0,
PYGO1,100,0,0,0,
ARHGAP33,100,0,0,0,
GLUD1,100,0,0,0,
PELP1,100,0,0,0,
CRYBB1,100,0,0,0,
ROBO4,100,0,0,0,
CACNB2,100,0,0,0,
PLXNC1,100,0,0,0,
NAE1,100,0,0,0,
MYO1C,100,0,0,0,
PYGL,100,0,0,0,
CRLF1,100,0,0,0,
MXD4,100,0,0,0,
DAPP1,100,0,0,0,
NSUN2,100,0,0,0,
JUP,100,0,0,0,
PAPOLA,100,0,0,0,
SH3GL2,100,0,0,0,
TBX1,100,0,0,0,
MGA,100,0,0,0,
ACVR1C,100,0,0,0,
SAMHD1,100,0,0,0,
SNAPIN,100,0,0,0,
MARS,100,0,0,0,
CEBPG,100,0,0,0,
FOSB,100,0,0,0,
AIRE,100,0,0,0,
LAMTOR5,100,0,0,0,
ITPKA,100,0,0,0,
GLIS3,100,0,0,0,
NSF,100,0,0,0,
MEIS1,100,0,0,0,
HACE1,100,0,0,0,
CD72,100,0,0,0,
IFT88,100,0,0,0,
RGS10,100,0,0,0,
TRAF5,100,0,0,0,
HNRNPM,100,0,0,0,
DIAPH2,100,0,0,0,
SH3BP2,100,0,0,0,
HIST1H1B,100,0,0,0,
TNFRSF4,100,0,0,0,
STK25,100,0,0,0,
LDLR,100,0,0,0,
COL7A1,100,0,0,0,
KCNMA1,100,0,0,0,
ARHGEF18,100,0,0,0,
CRYBB3,100,0,0,0,
NUDT16L1,100,0,0,0,
OSTF1,100,0,0,0,
ENAH,100,0,0,0,
IL1RAPL1,100,0,0,0,
NPR3,100,0,0,0,
ITGA2B,100,0,0,0,
LRP11,100,0,0,0,
LRP2,100,0,0,0,
LRRC4C,100,0,0,0,
DCC,100,0,0,0,
NRXN2,100,0,0,0,
JMJD6,100,0,0,0,
RPSA,100,0,0,0,
THBD,100,0,0,0,
SCARB1,100,0,0,0,
SDC1,100,0,0,0,
SDC3,100,0,0,0,
SCARF1,100,0,0,0,
HMMR,100,0,0,0,
MGRN1,100,0,0,0,
BEX3,100,0,0,0,
OGFR,100,0,0,0,
RTN4R,100,0,0,0,
PLXNA3,100,0,0,0,
PLXNA4,100,0,0,0,
PLXNB2,100,0,0,0,
PLXNB3,100,0,0,0,
PLXND1,100,0,0,0,
EPHB6,100,0,0,0,
HTR5A,100,0,0,0,
GPR135,100,0,0,0,
MAS1,100,0,0,0,
PTGDR2,100,0,0,0,
FSHR,100,0,0,0,
MC2R,100,0,0,0,
TRHR,100,0,0,0,
ACKR1,100,0,0,0,
GPR182,100,0,0,0,
ADGRG1,100,0,0,0,
ADGRL1,100,0,0,0,
GHRHR,100,0,0,0,
GRM4,100,0,0,0,
CD151,100,0,0,0,
TNFRSF8,100,0,0,0,
TNFRSF18,100,0,0,0,
TNFRSF12A,100,0,0,0,
TIGIT,100,0,0,0,
CD2,100,0,0,0,
CD226,100,0,0,0,
KLRC2,100,0,0,0,
OLR1,100,0,0,0,
GP9,100,0,0,0,
BRS3,100,0,0,0,
LRP8,100,0,0,0,
CR1,100,0,0,0,
SELL,100,0,0,0,
PHEX,100,0,0,0,
KIR3DL2,100,0,0,0,
KLRD1,100,0,0,0,
KIR2DS4,100,0,0,0,
IL18RAP,100,0,0,0,
TNFRSF19,100,0,0,0,
CD36,100,0,0,0,
GP1BA,100,0,0,0,
FCGR2B,100,0,0,0,
PYGB,100,0,0,0,
RYR2,100,0,0,0,
ARPC5,100,0,0,0,
LAT2,100,0,0,0,
DLGAP5,100,0,0,0,
FBXO43,100,0,0,0,
TACC3,100,0,0,0,
MLKL,100,0,0,0,
PRKD3,100,0,0,0,
MYL2,100,0,0,0,
CCNL2,100,0,0,0,
LSP1,100,0,0,0,
RHOT1,100,0,0,0,
NFU1,100,0,0,0,
ATF7,100,0,0,0,
EPS8,100,0,0,0,
RHO,100,0,0,0,
PPP1R14B,100,0,0,0,
FCGR2C,100,0,0,0,
MRVI1,100,0,0,0,
DSG1,100,0,0,0,
PRKAG2,100,0,0,0,
PDCD2,100,0,0,0,
SLC9A3,100,0,0,0,
JAM2,100,0,0,0,
JAM3,100,0,0,0,
RASGRF2,100,0,0,0,
FUNDC1,100,0,0,0,
GFAP,100,0,0,0,
TNNT2,100,0,0,0,
PTBP1,100,0,0,0,
MYO6,100,0,0,0,
SATB1,100,0,0,0,
SCAMP3,100,0,0,0,
KIDINS220,100,0,0,0,
TCAP,100,0,0,0,
KIF2A,100,0,0,0,
AQP2,100,0,0,0,
GATA4,100,0,0,0,
TTC5,100,0,0,0,
KIRREL1,100,0,0,0,
PLIN1,100,0,0,0,
SLC12A3,100,0,0,0,
TJP1,100,0,0,0,
NET1,100,0,0,0,
TSSK3,100,0,0,0,
CREB3L3,100,0,0,0,
SYT2,100,0,0,0,
DGKZ,100,0,0,0,
RGS14,100,0,0,0,
LMNB1,100,0,0,0,
SAT1,100,0,0,0,
OTUD7B,100,0,0,0,
SNRNP70,100,0,0,0,
ZHX1,100,0,0,0,
PYGM,100,0,0,0,
ABCC8,100,0,0,0,
PPP1R17,100,0,0,0,
TBCD,100,0,0,0,
IGSF8,100,0,0,0,
EIF3G,100,0,0,0,
ARPC3,100,0,0,0,
VPS28,100,0,0,0,
ATP2A1,100,0,0,0,
MCF2L,100,0,0,0,
POLL,100,0,0,0,
PLP1,100,0,0,0,
ACTR3,100,0,0,0,
TCF7L1,100,0,0,0,
F5,100,0,0,0,
CDR2,100,0,0,0,
COMMD1,100,0,0,0,
PQBP1,100,0,0,0,
SOD1,100,0,0,0,
PCNP,100,0,0,0,
RAD23A,100,0,0,0,
PCF11,100,0,0,0,
EXOC5,100,0,0,0,
UBE2C,100,0,0,0,
PNPLA2,100,0,0,0,
PURA,100,0,0,0,
NSMAF,100,0,0,0,
SPRED2,100,0,0,0,
CDX1,100,0,0,0,
ARF4,100,0,0,0,
MCF2,100,0,0,0,
PEX12,100,0,0,0,
ETFA,100,0,0,0,
EIF3A,100,0,0,0,
VPS4A,100,0,0,0,
IL32,100,0,0,0,
SRGAP2,100,0,0,0,
STAP1,100,0,0,0,
GLUL,100,0,0,0,
SMPD3,100,0,0,0,
ITM2B,100,0,0,0,
SCRIB,100,0,0,0,
PLCD1,100,0,0,0,
EIF4E2,100,0,0,0,
UBE4B,100,0,0,0,
C4B,100,0,0,0,
C4A,100,0,0,0,
LLGL2,100,0,0,0,
UBA3,100,0,0,0,
SRSF8,100,0,0,0,
C7,100,0,0,0,
ACAN,100,0,0,0,
ECM1,100,0,0,0,
SPARC,100,0,0,0,
URI1,100,0,0,0,
RPS6KA6,100,0,0,0,
